method,query_id,unans_type,question,reason_unanswerable,answer
llm_only,uq_0001,province_not_in_corpus,Berapa luas total kawasan transmigrasi yang berstatus Mandiri di Provinsi Bali?,"Bali tidak ada di corpus (province coverage: Sultra, Sulteng, Sulbar, Kalsel, Sumut, Kalbar, Papua, Sumsel, Maluku, Kalteng, Sulsel, Sulut, NTT, Kaltim).","Tidak ada kawasan transmigrasi yang berstatus Mandiri di Provinsi Bali.

Bali secara historis merupakan provinsi asal (pengirim) transmigran, bukan provinsi tujuan (penerima) yang memiliki kawasan transmigrasi. Oleh karena itu, tidak ada data mengenai luas total kawasan transmigrasi Mandiri di Bali."
llm_only,uq_0002,province_not_in_corpus,Apa status IPKT 2023 untuk kawasan transmigrasi di Provinsi Jawa Barat?,Jawa Barat tidak ada di corpus.,Status IPKT (Indeks Pembangunan Kawasan Transmigrasi) biasanya diukur dan dilap
llm_only,uq_0003,province_not_in_corpus,Sebutkan daftar kawasan transmigrasi yang berada di Provinsi Jawa Tengah beserta status IPKT-nya.,Jawa Tengah tidak ada di corpus.,"Berdasarkan pengetahuan saya mengenai domain transmigrasi di Indonesia, Provinsi Jawa Tengah secara historis dan"
llm_only,uq_0004,province_not_in_corpus,"Berapa jumlah penduduk di kawasan transmigrasi Kabupaten Karawang, Provinsi Jawa Barat?",Jawa Barat/Karawang tidak ada di corpus.,"Berdasarkan pengetahuan saya mengenai program transmigrasi di Indonesia, Kabupaten Karawang, Provinsi Jawa Barat,"
llm_only,uq_0005,province_not_in_corpus,"Apa kriteria penetapan kawasan transmigrasi ""Makmur Jaya"" di Provinsi Nusa Tenggara Barat?",NTB tidak ada di corpus (hanya NTT yang tercakup); nama kawasan fiktif.,"Kriteria penetapan kawasan transmigrasi, termasuk untuk nama hipotetis seperti ""Makmur Jaya"
llm_only,uq_0006,province_not_in_corpus,Bandingkan status kawasan transmigrasi di Provinsi Aceh dan Provinsi Riau berdasarkan IPKT 2023.,Aceh dan Riau tidak ada di corpus.,"Berdasarkan informasi yang tersedia hingga saat ini, data spesifik Indeks Pembangunan Kawasan Transmig"
llm_only,uq_0007,province_not_in_corpus,Apa saja program layanan transmigrasi yang tersedia di Provinsi DI Yogyakarta?,"DIY tidak ada di corpus (layanan_* files yang ada: Grobogan, Bondowoso, Sleman, Solo).","Di Provinsi DI Yogyakarta, sebagai salah satu daerah asal transmigran, program layanan transmigrasi yang"
llm_only,uq_0008,province_not_in_corpus,"Berapa skor IPKT kawasan transmigrasi ""Sejahtera Mulya"" di Provinsi Lampung?",Lampung tidak ada di corpus; nama kawasan fiktif.,Saya tidak memiliki akses langsung ke data real-time atau database spesifik yang mencatat skor IPKT untuk
llm_only,uq_0009,province_not_in_corpus,Sebutkan desa-desa target di kawasan transmigrasi Provinsi Sumatera Barat.,Sumatera Barat tidak ada di corpus (hanya Sumut & Sumsel).,Kawasan transmigrasi di Provinsi Sumatera Barat umumnya berlokasi di daerah-daerah
llm_only,uq_0010,province_not_in_corpus,Apa status pembangunan kawasan transmigrasi di Provinsi Kepulauan Riau tahun 2024?,Kepulauan Riau tidak ada di corpus.,"Berdasarkan informasi yang tersedia dan tren kebijakan transmigrasi saat ini, status pembangunan kawasan trans"
llm_only,uq_0011,province_not_in_corpus,Bagaimana prioritas intervensi untuk kawasan transmigrasi di Provinsi Bangka Belitung?,Bangka Belitung tidak ada di corpus.,Prioritas intervensi untuk kawasan transmigrasi di Provinsi Bangka Belitung umumnya akan berfokus
llm_only,uq_0012,province_not_in_corpus,"Berapa hektare luas kawasan transmigrasi ""Tunas Harapan"" di Provinsi Gorontalo?",Gorontalo tidak ada di corpus; nama kawasan fiktif.,"Saya tidak memiliki data spesifik mengenai luas kawasan transmigrasi ""Tunas Harapan"" di Provinsi"
llm_only,uq_0013,province_not_in_corpus,Apa status IPKT dan jumlah rumah tangga di kawasan transmigrasi Provinsi Papua Barat Daya?,"Papua Barat Daya (provinsi hasil pemekaran 2022) tidak ada di corpus, walau 'Papua' (provinsi induk lama) ada — sengaja mirip untuk menguji false-positive retrieval.","Berdasarkan informasi yang tersedia dan sifat program transmigrasi:

1.  **Status"
llm_only,uq_0014,province_not_in_corpus,Sebutkan komoditas unggulan di kawasan transmigrasi Provinsi Papua Pegunungan.,Papua Pegunungan (provinsi pemekaran) tidak ada di corpus.,"Komoditas unggulan di kawasan transmigrasi Provinsi Papua Pegunungan, mengingat karakteristik geografis dan"
llm_only,uq_0015,province_not_in_corpus,Berapa jumlah desa dengan status IDM Berkembang di kawasan transmigrasi Provinsi Banten?,Banten tidak ada di corpus.,Saya tidak memiliki data statistik real-time dan spesifik mengenai jumlah desa dengan status IDM Berkembang
llm_only,uq_0016,regulation_not_covered,Apa isi Undang-Undang Nomor 15 Tahun 1997 tentang Ketransmigrasian?,"UU yang ada di corpus adalah UU No. 29/2009, bukan UU No. 15/1997.",Undang-Undang Nomor 15 Tahun 1997 tentang Ketransmig
llm_only,uq_0017,regulation_not_covered,Apa perubahan utama dalam Peraturan Pemerintah Nomor 3 Tahun 2014 tentang Pelaksanaan Undang-Undang Ketransmigrasian?,"PP yang ada di corpus adalah PP No. 19/2024, bukan PP No. 3/2014.",Peraturan Pemerintah (PP) Nomor 3 Tahun 2014 tentang Pelaksanaan Undang-
llm_only,uq_0018,regulation_not_covered,Sebutkan isi Peraturan Menteri Transmigrasi Nomor 12 Tahun 2019 tentang Standar Pelayanan Minimal Kawasan Transmigrasi.,"Permentrans yang ada di corpus adalah No. 1/2024, 1/2025, 8/2025 — bukan No. 12/2019.",Peraturan Menteri Transmigrasi Nomor 12 Tahun 2019 tentang Standar Pel
llm_only,uq_0019,regulation_not_covered,Apa ketentuan dalam Peraturan Presiden Nomor 50 Tahun 2018 tentang Percepatan Pembangunan Kawasan Transmigrasi?,Tidak ada Perpres apa pun di corpus.,Peraturan Presiden Nomor 50 Tahun 2018 tentang Percepatan Pembangunan Kawasan
llm_only,uq_0020,regulation_not_covered,Bagaimana isi Peraturan Menteri Desa Nomor 91 Tahun 2016 tentang Status Perkembangan Desa?,Regulasi ini disebut sebagai contoh kualitatif di paper (Fig. 4) tapi teks lengkapnya tidak ada sebagai dokumen tersendiri di corpus.,"Peraturan Menteri Desa, Pembangunan Daerah Tertinggal, dan Transmigrasi Nomor"
llm_only,uq_0021,regulation_not_covered,Apa isi SNI 7331:2019 tentang mutu biji kopi?,"SNI yang ada di corpus adalah SNI 8926 dan SNI 6232:2025, bukan SNI 7331:2019.",SNI 7331:2019 adalah Standar Nasional Indonesia yang mengatur tentang **
llm_only,uq_0022,regulation_not_covered,Sebutkan pasal-pasal penting dalam Undang-Undang Nomor 2 Tahun 1972 tentang Transmigrasi.,UU No. 2/1972 tidak ada di corpus.,Undang-Undang Nomor 2 Tahun 1972 tentang Transmigrasi memiliki beberapa pasal
llm_only,uq_0023,regulation_not_covered,Apa isi Peraturan Menteri Pertanian Nomor 25 Tahun 2020 tentang Budidaya Komoditas Perkebunan di Kawasan Transmigrasi?,Permentan yang ada di corpus tidak bernomor/bertahun ini.,Peraturan Menteri Pertanian Nomor 25 Tahun 2020 mengatur tentang **ped
llm_only,uq_0024,regulation_not_covered,Apa perubahan aturan pendaftaran transmigrasi menurut Peraturan Menteri Transmigrasi Nomor 5 Tahun 2015?,Permentrans No. 5/2015 tidak ada di corpus.,"Peraturan Menteri Desa, Pembangunan Daerah Tertinggal, dan Transmigrasi Nomor 5"
llm_only,uq_0025,regulation_not_covered,Bagaimana ketentuan insentif fiskal dalam Peraturan Pemerintah Nomor 12 Tahun 2021 tentang Kawasan Transmigrasi?,PP No. 12/2021 tidak ada di corpus.,Peraturan Pemerintah Nomor 12 Tahun 2021 tentang Kawasan Transmigrasi
llm_only,uq_0026,regulation_not_covered,Apa isi Instruksi Presiden Nomor 1 Tahun 2011 tentang Percepatan Transmigrasi Nasional?,Tidak ada Inpres apa pun di corpus.,Instruksi Presiden Nomor 1 Tahun 2011 tentang Percepatan Transmigrasi
llm_only,uq_0027,regulation_not_covered,Sebutkan isi Peraturan Menteri Transmigrasi Nomor 20 Tahun 2022 tentang Tata Kelola Data Kawasan Transmigrasi.,Permentrans No. 20/2022 tidak ada di corpus.,Peraturan Menteri Transmigrasi Nomor 20 Tahun 2022 tentang Tata Kelola Data
llm_only,uq_0028,regulation_not_covered,Apa isi SNI 8593:2018 tentang standar mutu jagung untuk pangan?,SNI 8593:2018 tidak ada di corpus.,SNI 8593:2018 adalah Standar Nasional Indonesia untuk **
llm_only,uq_0029,regulation_not_covered,Bagaimana isi Peraturan Menteri Keuangan Nomor 77 Tahun 2019 tentang Pembiayaan Program Transmigrasi?,Tidak ada Permenkeu apa pun di corpus.,Peraturan Menteri Keuangan Nomor 77 Tahun 2019 tentang Pembiayaan Program
llm_only,uq_0030,regulation_not_covered,Apa isi Peraturan Pemerintah Nomor 8 Tahun 2016 tentang Perubahan Status Kawasan Transmigrasi?,PP No. 8/2016 tidak ada di corpus.,Peraturan Pemerintah (PP) Nomor 8 Tahun 2016 adalah **perubahan atas
llm_only,uq_0031,commodity_not_covered,Apa standar teknis budidaya teh di kawasan transmigrasi?,"Komoditas di corpus: padi, jagung, karet, udang, sapi, kopi, kakao, kelapa sawit — teh tidak termasuk.",Standar teknis budidaya teh di kawasan transmigrasi pada dasarnya mengikuti standar budid
llm_only,uq_0032,commodity_not_covered,Bagaimana panduan budidaya tembakau untuk petani transmigran?,Tembakau tidak ada di corpus.,Panduan budidaya tembakau untuk petani transmigran pada dasarnya mengikuti prinsip-
llm_only,uq_0033,commodity_not_covered,Apa kriteria mutu lada sesuai SNI yang berlaku di kawasan transmigrasi?,Lada tidak ada di corpus.,Kriteria mutu lada sesuai SNI yang berlaku di kawasan transmigrasi mengacu pada Standar
llm_only,uq_0034,commodity_not_covered,Sebutkan teknik budidaya cengkeh yang direkomendasikan untuk kawasan transmigrasi.,Cengkeh tidak ada di corpus.,Teknik budidaya cengkeh yang direkomendasikan untuk kawasan transmigrasi
llm_only,uq_0035,commodity_not_covered,Apa standar pengolahan pala di kawasan transmigrasi Maluku?,Pala tidak ada di corpus meski Maluku (provinsinya) ada — menguji apakah sistem 'memaksakan' jawaban dari konteks regional yang salah komoditas.,"Standar pengolahan pala di kawasan transmigrasi Maluku, seperti halnya di wilayah penghasil"
llm_only,uq_0036,commodity_not_covered,Bagaimana pedoman budidaya kapas untuk program transmigrasi?,Kapas tidak ada di corpus.,Pedoman budidaya kapas secara spesifik untuk program transmigrasi tidak umum ditemukan karena kapas bukan
llm_only,uq_0037,commodity_not_covered,Apa standar teknis budidaya tebu di kawasan transmigrasi?,Tebu tidak ada di corpus.,Standar teknis budidaya tebu di kawasan transmigrasi umumnya mengacu pada pedoman bud
llm_only,uq_0038,commodity_not_covered,Sebutkan panduan budidaya kentang untuk petani transmigran dataran tinggi.,Kentang tidak ada di corpus.,Berikut adalah panduan budidaya kentang untuk petani transmigran di dataran tinggi
llm_only,uq_0039,commodity_not_covered,Apa kriteria mutu bawang merah dalam program transmigrasi?,Bawang merah tidak ada di corpus.,Kriteria mutu bawang merah dalam program transmigrasi umumnya mengacu pada Standar Nasional Indonesia
llm_only,uq_0040,commodity_not_covered,Bagaimana pedoman budidaya rumput laut di kawasan transmigrasi pesisir?,Rumput laut tidak ada di corpus (yang ada dari sektor perairan hanya udang).,Pedoman budidaya rumput laut di kawasan transmigrasi pesisir umumnya mengikuti praktik bud
llm_only,uq_0041,commodity_not_covered,Apa standar budidaya singkong/ubi kayu di kawasan transmigrasi?,Singkong/ubi kayu tidak ada di corpus.,Standar budidaya singkong (ubi kayu) di kawasan transmigrasi umumnya mengacu pada ped
llm_only,uq_0042,commodity_not_covered,Sebutkan teknik budidaya pisang untuk kawasan transmigrasi.,Pisang tidak ada di corpus.,"Berikut adalah teknik budidaya pisang yang umum diterapkan di kawasan transmigrasi:

1."
llm_only,uq_0043,commodity_not_covered,Apa pedoman budidaya kelapa (non-sawit) di kawasan transmigrasi?,Kelapa biasa (kopra) tidak ada di corpus — hanya kelapa sawit.,Pedoman budidaya kelapa (non-sawit) di kawasan transmigrasi umumnya berf
llm_only,uq_0044,commodity_not_covered,Bagaimana standar budidaya vanili untuk petani transmigran?,Vanili tidak ada di corpus.,Standar budidaya vanili untuk petani transmigran umumnya mengacu pada praktik pertanian yang baik
llm_only,uq_0045,commodity_not_covered,Apa kriteria mutu jambu mete dalam program pengembangan komoditas transmigrasi?,Jambu mete tidak ada di corpus.,Kriteria mutu jambu mete (gelondong/biji mete) dalam program pengembangan komod
llm_only,uq_0046,out_of_domain_mixing,Bagaimana prosedur perizinan usaha pertambangan nikel di kawasan transmigrasi?,"Pertambangan bukan cakupan corpus (fokus: profil kawasan, standar komoditas, layanan, regulasi transmigrasi).",Prosedur perizinan usaha pertambangan nikel di kawasan transmigrasi secara umum mengikuti al
llm_only,uq_0047,out_of_domain_mixing,Apa syarat pengajuan Kredit Usaha Rakyat (KUR) untuk petani transmigran?,Skema pembiayaan perbankan KUR tidak dibahas di corpus.,Syarat pengajuan Kredit Usaha Rakyat (KUR) untuk petani transmigran pada das
llm_only,uq_0048,out_of_domain_mixing,Bagaimana prosedur pendaftaran BPJS Kesehatan bagi warga transmigran?,BPJS Kesehatan (domain kesehatan) tidak dibahas di corpus.,Prosedur pendaftaran BPJS Kesehatan bagi warga transmigran pada dasarnya mengikuti prosedur umum p
llm_only,uq_0049,out_of_domain_mixing,Apa ketentuan pajak UMKM bagi pelaku usaha di kawasan transmigrasi?,Perpajakan tidak dibahas di corpus.,Pelaku usaha UMKM di kawasan transmigrasi pada umumnya tunduk pada ketentuan pajak UMKM
llm_only,uq_0050,out_of_domain_mixing,Bagaimana prosedur perizinan usaha pariwisata di kawasan transmigrasi?,"Pariwisata hanya pernah muncul sebagai skenario kebijakan hasil generate SR di contoh kualitatif paper, bukan fakta dari dokumen sumber.",Prosedur perizinan usaha pariwisata di kawasan transmigrasi pada dasarnya mengikuti
llm_only,uq_0051,out_of_domain_mixing,Apa syarat pendirian sekolah menengah kejuruan di kawasan transmigrasi?,Pendidikan formal (SMK) tidak dibahas di corpus.,Pendirian Sekolah Menengah Kejuruan (SMK) di kawasan transmigrasi pada dasarnya mengikuti
llm_only,uq_0052,out_of_domain_mixing,Bagaimana skema investasi pembangkit listrik tenaga surya di kawasan transmigrasi?,Energi terbarukan tidak dibahas di corpus.,Skema investasi Pembangkit Listrik Tenaga Surya (PLTS) di kawasan trans
llm_only,uq_0053,out_of_domain_mixing,Apa prosedur perizinan eksplorasi minyak dan gas bumi di kawasan transmigrasi?,Migas tidak dibahas di corpus.,Prosedur perizinan eksplorasi minyak dan gas bumi di kawasan transmigrasi pada dasarnya
llm_only,uq_0054,out_of_domain_mixing,Bagaimana ketentuan pembangunan jalan tol yang melintasi kawasan transmigrasi?,Infrastruktur jalan tol tidak dibahas di corpus.,Pembangunan jalan tol yang melintasi kawasan transmigrasi di Indonesia tunduk pada ketentuan umum
llm_only,uq_0055,out_of_domain_mixing,Apa syarat pendaftaran perguruan tinggi negeri baru di kawasan transmigrasi?,Perguruan tinggi tidak dibahas di corpus.,"Secara umum, syarat pendaftaran untuk perguruan tinggi negeri (PTN) baru di kawasan"
llm_only,uq_0056,out_of_domain_mixing,Bagaimana prosedur izin usaha perikanan tangkap laut dalam bagi warga transmigran?,Perikanan tangkap laut dalam berbeda dari budidaya udang tambak yang ada di corpus.,Prosedur izin usaha perikanan tangkap laut dalam bagi warga transmigran pada dasarnya mengikuti
llm_only,uq_0057,out_of_domain_mixing,Apa ketentuan perbankan syariah untuk pembiayaan usaha transmigran?,Perbankan syariah tidak dibahas di corpus.,Ketentuan perbankan syariah untuk pembiayaan usaha transmigran pada dasarnya
llm_only,uq_0058,out_of_domain_mixing,Bagaimana regulasi e-commerce untuk produk UMKM kawasan transmigrasi?,E-commerce tidak dibahas di corpus.,Regulasi e-commerce untuk produk UMKM di kawasan transmigrasi pada dasarnya **mengikuti regul
llm_only,uq_0059,out_of_domain_mixing,Apa syarat pendirian rumah sakit tipe C di kawasan transmigrasi?,Fasilitas kesehatan tingkat lanjut (RS tipe C) tidak dibahas di corpus.,Pendirian rumah sakit tipe C di kawasan transmigrasi pada dasarnya mengikuti persyaratan umum pendirian rumah sakit
llm_only,uq_0060,out_of_domain_mixing,Bagaimana prosedur sertifikasi halal untuk produk olahan komoditas di kawasan transmigrasi?,Sertifikasi halal tidak dibahas di corpus.,Prosedur sertifikasi halal untuk produk olahan komoditas di kawasan transmigrasi pada dasarnya
standard_rag,uq_0017,regulation_not_covered,Apa perubahan utama dalam Peraturan Pemerintah Nomor 3 Tahun 2014 tentang Pelaksanaan Undang-Undang Ketransmigrasian?,"PP yang ada di corpus adalah PP No. 19/2024, bukan PP No. 3/2014.",Peraturan Pemerintah Nomor 3 Tahun 2014 tentang Pelaksanaan Undang-Undang Nomor
hybrid_rag,uq_0009,province_not_in_corpus,Sebutkan desa-desa target di kawasan transmigrasi Provinsi Sumatera Barat.,Sumatera Barat tidak ada di corpus (hanya Sumut & Sumsel).,"Berdasarkan bukti yang diberikan, terdapat dua kawasan transmigrasi di Provinsi Sumatera Barat:
1."
hybrid_rag,uq_0013,province_not_in_corpus,Apa status IPKT dan jumlah rumah tangga di kawasan transmigrasi Provinsi Papua Barat Daya?,"Papua Barat Daya (provinsi hasil pemekaran 2022) tidak ada di corpus, walau 'Papua' (provinsi induk lama) ada — sengaja mirip untuk menguji false-positive retrieval.","Berdasarkan bukti yang ditemukan, untuk Kawasan Transmigrasi Klamono–Segun di Provinsi Papua Barat Daya:

*   **Status kawasan:** Berkembang
*   **Nilai IPKT 2023:** 29,12"
hybrid_rag,uq_0016,regulation_not_covered,Apa isi Undang-Undang Nomor 15 Tahun 1997 tentang Ketransmigrasian?,"UU yang ada di corpus adalah UU No. 29/2009, bukan UU No. 15/1997.","Berdasarkan bukti yang diberikan, Undang-Undang Nomor 15 Tahun 1997"
hybrid_rag,uq_0017,regulation_not_covered,Apa perubahan utama dalam Peraturan Pemerintah Nomor 3 Tahun 2014 tentang Pelaksanaan Undang-Undang Ketransmigrasian?,"PP yang ada di corpus adalah PP No. 19/2024, bukan PP No. 3/2014.","Berdasarkan bukti yang ditemukan:

Peraturan Pemerintah Nomor 3 Tahun 2014 tentang"
hybrid_rag,uq_0019,regulation_not_covered,Apa ketentuan dalam Peraturan Presiden Nomor 50 Tahun 2018 tentang Percepatan Pembangunan Kawasan Transmigrasi?,Tidak ada Perpres apa pun di corpus.,"Berdasarkan bukti yang diberikan, Peraturan Presiden Nomor 50 Tahun 2018"
hybrid_rag,uq_0042,commodity_not_covered,Sebutkan teknik budidaya pisang untuk kawasan transmigrasi.,Pisang tidak ada di corpus.,"Berdasarkan bukti yang diberikan, teknik budidaya pisang yang disebutkan adalah dalam konteks penggunaannya"
hybrid_rag,uq_0060,out_of_domain_mixing,Bagaimana prosedur sertifikasi halal untuk produk olahan komoditas di kawasan transmigrasi?,Sertifikasi halal tidak dibahas di corpus.,"Berdasarkan bukti yang diberikan, disebutkan bahwa ""Produk unggulan kawasan perlu disertifikasi"
hyde_rag,uq_0016,regulation_not_covered,Apa isi Undang-Undang Nomor 15 Tahun 1997 tentang Ketransmigrasian?,"UU yang ada di corpus adalah UU No. 29/2009, bukan UU No. 15/1997.","Berdasarkan bukti yang diberikan, Undang-Undang Nomor 15 Tahun 1"
hyde_rag,uq_0043,commodity_not_covered,Apa pedoman budidaya kelapa (non-sawit) di kawasan transmigrasi?,Kelapa biasa (kopra) tidak ada di corpus — hanya kelapa sawit.,"Berdasarkan bukti yang diberikan, tidak ada pedoman spesifik mengenai budidaya kelapa (non"
hyde_rag,uq_0058,out_of_domain_mixing,Bagaimana regulasi e-commerce untuk produk UMKM kawasan transmigrasi?,E-commerce tidak dibahas di corpus.,"Berdasarkan bukti yang diberikan, regulasi e-commerce untuk produk UMKM kawasan transmig"
adaptive_rag,uq_0001,province_not_in_corpus,Berapa luas total kawasan transmigrasi yang berstatus Mandiri di Provinsi Bali?,"Bali tidak ada di corpus (province coverage: Sultra, Sulteng, Sulbar, Kalsel, Sumut, Kalbar, Papua, Sumsel, Maluku, Kalteng, Sulsel, Sulut, NTT, Kaltim).","Provinsi Bali secara historis merupakan daerah asal transmigran (pengirim penduduk), bukan daerah"
adaptive_rag,uq_0002,province_not_in_corpus,Apa status IPKT 2023 untuk kawasan transmigrasi di Provinsi Jawa Barat?,Jawa Barat tidak ada di corpus.,Untuk menjawab pertanyaan mengenai status Indeks Pembangunan Kawasan Transmigrasi (IPKT)
adaptive_rag,uq_0003,province_not_in_corpus,Sebutkan daftar kawasan transmigrasi yang berada di Provinsi Jawa Tengah beserta status IPKT-nya.,Jawa Tengah tidak ada di corpus.,
adaptive_rag,uq_0004,province_not_in_corpus,"Berapa jumlah penduduk di kawasan transmigrasi Kabupaten Karawang, Provinsi Jawa Barat?",Jawa Barat/Karawang tidak ada di corpus.,"Pertanyaan ini sulit dijawab secara faktual dengan angka spesifik, karena:

1."
adaptive_rag,uq_0005,province_not_in_corpus,"Apa kriteria penetapan kawasan transmigrasi ""Makmur Jaya"" di Provinsi Nusa Tenggara Barat?",NTB tidak ada di corpus (hanya NTT yang tercakup); nama kawasan fiktif.,"Kawasan transmigrasi ""Makmur Jaya"" di Provinsi Nusa Tenggara Barat kemungkinan besar adalah nama f"
adaptive_rag,uq_0006,province_not_in_corpus,Bandingkan status kawasan transmigrasi di Provinsi Aceh dan Provinsi Riau berdasarkan IPKT 2023.,Aceh dan Riau tidak ada di corpus.,Berdasarkan data Indeks Pembangunan Kawasan Transmigrasi (IPKT) tahun
adaptive_rag,uq_0007,province_not_in_corpus,Apa saja program layanan transmigrasi yang tersedia di Provinsi DI Yogyakarta?,"DIY tidak ada di corpus (layanan_* files yang ada: Grobogan, Bondowoso, Sleman, Solo).","Di Provinsi DI Yogyakarta, program layanan transmigrasi umumnya dikelola oleh **Dinas Tenaga Kerja"
adaptive_rag,uq_0009,province_not_in_corpus,Sebutkan desa-desa target di kawasan transmigrasi Provinsi Sumatera Barat.,Sumatera Barat tidak ada di corpus (hanya Sumut & Sumsel).,Pertanyaan ini cukup spesifik dan menantang karena program transmigrasi besar-bes
adaptive_rag,uq_0010,province_not_in_corpus,Apa status pembangunan kawasan transmigrasi di Provinsi Kepulauan Riau tahun 2024?,Kepulauan Riau tidak ada di corpus.,"Berdasarkan informasi yang tersedia dan karakteristik geografis serta ekonomi Provinsi Kepulauan Riau, status"
adaptive_rag,uq_0011,province_not_in_corpus,Bagaimana prioritas intervensi untuk kawasan transmigrasi di Provinsi Bangka Belitung?,Bangka Belitung tidak ada di corpus.,Prioritas intervensi untuk kawasan transmigrasi di Provinsi Bangka Belitung umumnya akan ber
adaptive_rag,uq_0012,province_not_in_corpus,"Berapa hektare luas kawasan transmigrasi ""Tunas Harapan"" di Provinsi Gorontalo?",Gorontalo tidak ada di corpus; nama kawasan fiktif.,
adaptive_rag,uq_0014,province_not_in_corpus,Sebutkan komoditas unggulan di kawasan transmigrasi Provinsi Papua Pegunungan.,Papua Pegunungan (provinsi pemekaran) tidak ada di corpus.,"Komoditas unggulan di kawasan transmigrasi Provinsi Papua Pegunungan, terutama yang cocok"
adaptive_rag,uq_0015,province_not_in_corpus,Berapa jumlah desa dengan status IDM Berkembang di kawasan transmigrasi Provinsi Banten?,Banten tidak ada di corpus.,Pertanyaan ini membutuhkan data spesifik yang sangat dinamis dan biasanya diperbarui setiap tahun oleh Kementerian Desa
adaptive_rag,uq_0016,regulation_not_covered,Apa isi Undang-Undang Nomor 15 Tahun 1997 tentang Ketransmigrasian?,"UU yang ada di corpus adalah UU No. 29/2009, bukan UU No. 15/1997.",
adaptive_rag,uq_0017,regulation_not_covered,Apa perubahan utama dalam Peraturan Pemerintah Nomor 3 Tahun 2014 tentang Pelaksanaan Undang-Undang Ketransmigrasian?,"PP yang ada di corpus adalah PP No. 19/2024, bukan PP No. 3/2014.",Perubahan utama dalam Peraturan Pemerintah Nomor 3 Tahun 2014 tentang Pelaksanaan Undang-
adaptive_rag,uq_0018,regulation_not_covered,Sebutkan isi Peraturan Menteri Transmigrasi Nomor 12 Tahun 2019 tentang Standar Pelayanan Minimal Kawasan Transmigrasi.,"Permentrans yang ada di corpus adalah No. 1/2024, 1/2025, 8/2025 — bukan No. 12/2019.",
adaptive_rag,uq_0019,regulation_not_covered,Apa ketentuan dalam Peraturan Presiden Nomor 50 Tahun 2018 tentang Percepatan Pembangunan Kawasan Transmigrasi?,Tidak ada Perpres apa pun di corpus.,Peraturan Presiden Nomor 50 Tahun 2018 tentang Percepatan Pembangunan Kawasan Trans
adaptive_rag,uq_0020,regulation_not_covered,Bagaimana isi Peraturan Menteri Desa Nomor 91 Tahun 2016 tentang Status Perkembangan Desa?,Regulasi ini disebut sebagai contoh kualitatif di paper (Fig. 4) tapi teks lengkapnya tidak ada sebagai dokumen tersendiri di corpus.,"Peraturan Menteri Desa, Pembangunan Daerah Tertinggal, dan Transmigrasi Republik Indonesia Nomor"
adaptive_rag,uq_0021,regulation_not_covered,Apa isi SNI 7331:2019 tentang mutu biji kopi?,"SNI yang ada di corpus adalah SNI 8926 dan SNI 6232:2025, bukan SNI 7331:2019.",SNI 7331:2019 adalah Standar Nasional Indonesia yang mengatur tentang
adaptive_rag,uq_0022,regulation_not_covered,Sebutkan pasal-pasal penting dalam Undang-Undang Nomor 2 Tahun 1972 tentang Transmigrasi.,UU No. 2/1972 tidak ada di corpus.,Undang-Undang Nomor 2 Tahun 1972 tentang Transmigrasi adalah salah satu
adaptive_rag,uq_0023,regulation_not_covered,Apa isi Peraturan Menteri Pertanian Nomor 25 Tahun 2020 tentang Budidaya Komoditas Perkebunan di Kawasan Transmigrasi?,Permentan yang ada di corpus tidak bernomor/bertahun ini.,Peraturan Menteri Pertanian Nomor 25 Tahun 2020 tentang Budidaya Komod
adaptive_rag,uq_0024,regulation_not_covered,Apa perubahan aturan pendaftaran transmigrasi menurut Peraturan Menteri Transmigrasi Nomor 5 Tahun 2015?,Permentrans No. 5/2015 tidak ada di corpus.,Peraturan Menteri Transmigrasi dan Tenaga Kerja Nomor 5 Tahun 2015
adaptive_rag,uq_0025,regulation_not_covered,Bagaimana ketentuan insentif fiskal dalam Peraturan Pemerintah Nomor 12 Tahun 2021 tentang Kawasan Transmigrasi?,PP No. 12/2021 tidak ada di corpus.,Berdasarkan Peraturan Pemerintah Nomor 12 Tahun 2021 tentang Kawasan Trans
adaptive_rag,uq_0026,regulation_not_covered,Apa isi Instruksi Presiden Nomor 1 Tahun 2011 tentang Percepatan Transmigrasi Nasional?,Tidak ada Inpres apa pun di corpus.,
adaptive_rag,uq_0027,regulation_not_covered,Sebutkan isi Peraturan Menteri Transmigrasi Nomor 20 Tahun 2022 tentang Tata Kelola Data Kawasan Transmigrasi.,Permentrans No. 20/2022 tidak ada di corpus.,Peraturan Menteri Transmigrasi Nomor 20 Tahun 2022 tentang Tata Kelola Data
adaptive_rag,uq_0028,regulation_not_covered,Apa isi SNI 8593:2018 tentang standar mutu jagung untuk pangan?,SNI 8593:2018 tidak ada di corpus.,SNI 8593:2018 adalah standar nasional Indonesia yang mengatur **Syarat
adaptive_rag,uq_0029,regulation_not_covered,Bagaimana isi Peraturan Menteri Keuangan Nomor 77 Tahun 2019 tentang Pembiayaan Program Transmigrasi?,Tidak ada Permenkeu apa pun di corpus.,Peraturan Menteri Keuangan (PMK) Nomor 77 Tahun 201
adaptive_rag,uq_0030,regulation_not_covered,Apa isi Peraturan Pemerintah Nomor 8 Tahun 2016 tentang Perubahan Status Kawasan Transmigrasi?,PP No. 8/2016 tidak ada di corpus.,
adaptive_rag,uq_0031,commodity_not_covered,Apa standar teknis budidaya teh di kawasan transmigrasi?,"Komoditas di corpus: padi, jagung, karet, udang, sapi, kopi, kakao, kelapa sawit — teh tidak termasuk.",Standar teknis budidaya teh di kawasan transmigrasi pada dasarnya mengacu pada pedoman
adaptive_rag,uq_0032,commodity_not_covered,Bagaimana panduan budidaya tembakau untuk petani transmigran?,Tembakau tidak ada di corpus.,Panduan budidaya tembakau untuk petani transmigran pada dasarnya mengikuti prinsip-pr
adaptive_rag,uq_0033,commodity_not_covered,Apa kriteria mutu lada sesuai SNI yang berlaku di kawasan transmigrasi?,Lada tidak ada di corpus.,Kriteria mutu lada (lada hitam dan lada putih) sesuai Standar Nasional Indonesia (SNI
adaptive_rag,uq_0034,commodity_not_covered,Sebutkan teknik budidaya cengkeh yang direkomendasikan untuk kawasan transmigrasi.,Cengkeh tidak ada di corpus.,"Untuk kawasan transmigrasi, teknik budidaya cengkeh yang direkomendasikan umumnya menekankan"
adaptive_rag,uq_0035,commodity_not_covered,Apa standar pengolahan pala di kawasan transmigrasi Maluku?,Pala tidak ada di corpus meski Maluku (provinsinya) ada — menguji apakah sistem 'memaksakan' jawaban dari konteks regional yang salah komoditas.,Standar pengolahan pala di kawasan transmigrasi Maluku umumnya mengikuti praktik terbaik dan standar kualitas
adaptive_rag,uq_0036,commodity_not_covered,Bagaimana pedoman budidaya kapas untuk program transmigrasi?,Kapas tidak ada di corpus.,
adaptive_rag,uq_0037,commodity_not_covered,Apa standar teknis budidaya tebu di kawasan transmigrasi?,Tebu tidak ada di corpus.,Standar teknis budidaya tebu di kawasan transmigrasi pada dasarnya mengikuti
adaptive_rag,uq_0038,commodity_not_covered,Sebutkan panduan budidaya kentang untuk petani transmigran dataran tinggi.,Kentang tidak ada di corpus.,
adaptive_rag,uq_0039,commodity_not_covered,Apa kriteria mutu bawang merah dalam program transmigrasi?,Bawang merah tidak ada di corpus.,
adaptive_rag,uq_0040,commodity_not_covered,Bagaimana pedoman budidaya rumput laut di kawasan transmigrasi pesisir?,Rumput laut tidak ada di corpus (yang ada dari sektor perairan hanya udang).,Pedoman budidaya rumput laut di kawasan transmigrasi pesisir di Indonesia umumnya mengikuti
adaptive_rag,uq_0041,commodity_not_covered,Apa standar budidaya singkong/ubi kayu di kawasan transmigrasi?,Singkong/ubi kayu tidak ada di corpus.,"Di kawasan transmigrasi, standar budidaya singkong (ubi kayu) umumnya mengacu pada"
adaptive_rag,uq_0042,commodity_not_covered,Sebutkan teknik budidaya pisang untuk kawasan transmigrasi.,Pisang tidak ada di corpus.,
adaptive_rag,uq_0043,commodity_not_covered,Apa pedoman budidaya kelapa (non-sawit) di kawasan transmigrasi?,Kelapa biasa (kopra) tidak ada di corpus — hanya kelapa sawit.,Pedoman budidaya kelapa (non-sawit) di kawasan transmigrasi
adaptive_rag,uq_0044,commodity_not_covered,Bagaimana standar budidaya vanili untuk petani transmigran?,Vanili tidak ada di corpus.,
adaptive_rag,uq_0045,commodity_not_covered,Apa kriteria mutu jambu mete dalam program pengembangan komoditas transmigrasi?,Jambu mete tidak ada di corpus.,Kriteria mutu jambu mete (gelondongan/raw cashew nut) dalam program pengembangan kom
adaptive_rag,uq_0046,out_of_domain_mixing,Bagaimana prosedur perizinan usaha pertambangan nikel di kawasan transmigrasi?,"Pertambangan bukan cakupan corpus (fokus: profil kawasan, standar komoditas, layanan, regulasi transmigrasi).",Prosedur perizinan usaha pertambangan nikel di kawasan transmigrasi pada dasarnya mengikuti
adaptive_rag,uq_0047,out_of_domain_mixing,Apa syarat pengajuan Kredit Usaha Rakyat (KUR) untuk petani transmigran?,Skema pembiayaan perbankan KUR tidak dibahas di corpus.,Syarat pengajuan Kredit Usaha Rakyat (KUR) untuk petani transmigran pada dasarnya
adaptive_rag,uq_0048,out_of_domain_mixing,Bagaimana prosedur pendaftaran BPJS Kesehatan bagi warga transmigran?,BPJS Kesehatan (domain kesehatan) tidak dibahas di corpus.,Prosedur pendaftaran BPJS Kesehatan bagi warga transmigran umumnya sangat terkait dengan program transmig
adaptive_rag,uq_0049,out_of_domain_mixing,Apa ketentuan pajak UMKM bagi pelaku usaha di kawasan transmigrasi?,Perpajakan tidak dibahas di corpus.,Ketentuan pajak UMKM bagi pelaku usaha di kawasan transmigrasi pada dasarnya **sama dengan
adaptive_rag,uq_0050,out_of_domain_mixing,Bagaimana prosedur perizinan usaha pariwisata di kawasan transmigrasi?,"Pariwisata hanya pernah muncul sebagai skenario kebijakan hasil generate SR di contoh kualitatif paper, bukan fakta dari dokumen sumber.",
adaptive_rag,uq_0051,out_of_domain_mixing,Apa syarat pendirian sekolah menengah kejuruan di kawasan transmigrasi?,Pendidikan formal (SMK) tidak dibahas di corpus.,Pendirian Sekolah Menengah Kejuruan (SMK) di kawasan transmigrasi pada dasarnya mengikuti
adaptive_rag,uq_0052,out_of_domain_mixing,Bagaimana skema investasi pembangkit listrik tenaga surya di kawasan transmigrasi?,Energi terbarukan tidak dibahas di corpus.,Skema investasi pembangkit listrik tenaga surya (PLTS) di kawasan transmigrasi di
adaptive_rag,uq_0053,out_of_domain_mixing,Apa prosedur perizinan eksplorasi minyak dan gas bumi di kawasan transmigrasi?,Migas tidak dibahas di corpus.,Prosedur perizinan eksplorasi minyak dan gas bumi di kawasan transmigrasi melibatkan beberapa
adaptive_rag,uq_0054,out_of_domain_mixing,Bagaimana ketentuan pembangunan jalan tol yang melintasi kawasan transmigrasi?,Infrastruktur jalan tol tidak dibahas di corpus.,Pembangunan jalan tol yang melintasi kawasan transmigrasi memiliki ketentuan khusus yang melibatkan beberapa aspek hukum
adaptive_rag,uq_0055,out_of_domain_mixing,Apa syarat pendaftaran perguruan tinggi negeri baru di kawasan transmigrasi?,Perguruan tinggi tidak dibahas di corpus.,Syarat pendaftaran untuk perguruan tinggi negeri (PTN) baru di kawasan transmigrasi pada das
adaptive_rag,uq_0056,out_of_domain_mixing,Bagaimana prosedur izin usaha perikanan tangkap laut dalam bagi warga transmigran?,Perikanan tangkap laut dalam berbeda dari budidaya udang tambak yang ada di corpus.,
adaptive_rag,uq_0057,out_of_domain_mixing,Apa ketentuan perbankan syariah untuk pembiayaan usaha transmigran?,Perbankan syariah tidak dibahas di corpus.,Ketentuan perbankan syariah untuk pembiayaan usaha transmigran umumnya didasarkan pada
adaptive_rag,uq_0058,out_of_domain_mixing,Bagaimana regulasi e-commerce untuk produk UMKM kawasan transmigrasi?,E-commerce tidak dibahas di corpus.,Regulasi e-commerce untuk produk UMKM di kawasan transmigrasi pada dasarnya **mengikuti regul
adaptive_rag,uq_0059,out_of_domain_mixing,Apa syarat pendirian rumah sakit tipe C di kawasan transmigrasi?,Fasilitas kesehatan tingkat lanjut (RS tipe C) tidak dibahas di corpus.,Pendirian rumah sakit tipe C di kawasan transmigrasi pada dasarnya mengikuti peraturan umum pendirian rumah
adaptive_rag,uq_0060,out_of_domain_mixing,Bagaimana prosedur sertifikasi halal untuk produk olahan komoditas di kawasan transmigrasi?,Sertifikasi halal tidak dibahas di corpus.,
crag,uq_0007,province_not_in_corpus,Apa saja program layanan transmigrasi yang tersedia di Provinsi DI Yogyakarta?,"DIY tidak ada di corpus (layanan_* files yang ada: Grobogan, Bondowoso, Sleman, Solo).","Berdasarkan bukti yang tersedia, Balai Besar Pelatihan dan Pemberdayaan Masyarakat Transmigrasi"
crag,uq_0009,province_not_in_corpus,Sebutkan desa-desa target di kawasan transmigrasi Provinsi Sumatera Barat.,Sumatera Barat tidak ada di corpus (hanya Sumut & Sumsel).,"Desa-desa target di kawasan transmigrasi Provinsi Sumatera Barat adalah sebagai berikut:

1"
crag,uq_0013,province_not_in_corpus,Apa status IPKT dan jumlah rumah tangga di kawasan transmigrasi Provinsi Papua Barat Daya?,"Papua Barat Daya (provinsi hasil pemekaran 2022) tidak ada di corpus, walau 'Papua' (provinsi induk lama) ada — sengaja mirip untuk menguji false-positive retrieval.","Di Provinsi Papua Barat Daya, Kawasan Transmigrasi Klamono–Segun memiliki status kawasan Berk"
crag,uq_0016,regulation_not_covered,Apa isi Undang-Undang Nomor 15 Tahun 1997 tentang Ketransmigrasian?,"UU yang ada di corpus adalah UU No. 29/2009, bukan UU No. 15/1997.","Berdasarkan bukti yang diberikan, Undang-Undang Nomor 15 Tahun 199"
crag,uq_0017,regulation_not_covered,Apa perubahan utama dalam Peraturan Pemerintah Nomor 3 Tahun 2014 tentang Pelaksanaan Undang-Undang Ketransmigrasian?,"PP yang ada di corpus adalah PP No. 19/2024, bukan PP No. 3/2014.",Perubahan utama dalam Peraturan Pemerintah Nomor 3 Tahun 2014 tentang Pel
crag,uq_0019,regulation_not_covered,Apa ketentuan dalam Peraturan Presiden Nomor 50 Tahun 2018 tentang Percepatan Pembangunan Kawasan Transmigrasi?,Tidak ada Perpres apa pun di corpus.,"Berdasarkan bukti yang diberikan, Peraturan Presiden Nomor 50 Tahun 2018 berjudul"
crag,uq_0042,commodity_not_covered,Sebutkan teknik budidaya pisang untuk kawasan transmigrasi.,Pisang tidak ada di corpus.,"Berdasarkan bukti yang terverifikasi, teknik budidaya pisang yang disebutkan adalah sebagai penaung"
crag,uq_0047,out_of_domain_mixing,Apa syarat pengajuan Kredit Usaha Rakyat (KUR) untuk petani transmigran?,Skema pembiayaan perbankan KUR tidak dibahas di corpus.,"Berdasarkan bukti yang diberikan, transmigran pada Transmigrasi Swakarsa Berbantuan dapat"
crag,uq_0052,out_of_domain_mixing,Bagaimana skema investasi pembangkit listrik tenaga surya di kawasan transmigrasi?,Energi terbarukan tidak dibahas di corpus.,"Berdasarkan bukti yang tersedia, skema investasi pembangkit listrik tenaga surya di kawasan transmigrasi"
crag,uq_0057,out_of_domain_mixing,Apa ketentuan perbankan syariah untuk pembiayaan usaha transmigran?,Perbankan syariah tidak dibahas di corpus.,"Berdasarkan bukti yang diberikan, tidak ada ketentuan spesifik mengenai perbankan syariah untuk pembi"
crag,uq_0058,out_of_domain_mixing,Bagaimana regulasi e-commerce untuk produk UMKM kawasan transmigrasi?,E-commerce tidak dibahas di corpus.,"Berdasarkan bukti yang tersedia, regulasi e-commerce untuk produk UMKM di kawasan"
crag,uq_0060,out_of_domain_mixing,Bagaimana prosedur sertifikasi halal untuk produk olahan komoditas di kawasan transmigrasi?,Sertifikasi halal tidak dibahas di corpus.,"Berdasarkan bukti yang diberikan, produk unggulan kawasan transmigrasi perlu disertifikasi dan distandaris"
react,uq_0001,province_not_in_corpus,Berapa luas total kawasan transmigrasi yang berstatus Mandiri di Provinsi Bali?,"Bali tidak ada di corpus (province coverage: Sultra, Sulteng, Sulbar, Kalsel, Sumut, Kalbar, Papua, Sumsel, Maluku, Kalteng, Sulsel, Sulut, NTT, Kaltim).","The user is asking for the total area of transmigration settlements that have achieved ""Mandiri"" (independent) status in Bali province. I need to find data specifically for Bali, focusing on transmigration areas and their ""Mandiri"" status, along with their respective land areas."
react,uq_0002,province_not_in_corpus,Apa status IPKT 2023 untuk kawasan transmigrasi di Provinsi Jawa Barat?,Jawa Barat tidak ada di corpus.,The user is asking for the IPKT (Indeks Pembangunan Kawasan Transmigrasi) status for transmigration areas in West Java province for the year 2023. I need to search for this specific information.
react,uq_0003,province_not_in_corpus,Sebutkan daftar kawasan transmigrasi yang berada di Provinsi Jawa Tengah beserta status IPKT-nya.,Jawa Tengah tidak ada di corpus.,"Daftar kawasan transmigrasi di Provinsi Jawa Tengah beserta status IPKT-nya adalah sebagai berikut:
1. KTM Wonogiri (Kab. Wonogiri) - Status IPKT: Mandiri
2. KTM Purworejo (Kab. Purworejo) - Status IPKT: Mandiri
3. KTM Kebumen (Kab. Kebumen) - Status IPKT: Mandiri
4. KTM Cilacap (Kab. Cilacap) - Status IPKT: Mandiri
5. KTM Banyumas (Kab. Banyumas) - Status IPKT: Mandiri
6. KTM Banjarnegara (Kab. Banjarnegara) - Status IPKT: Mandiri
7. KTM Magelang (Kab. Magelang) - Status IPKT: Mandiri
8. KTM Temanggung (Kab. Temanggung) - Status IPKT: Mandiri
9. KTM Kendal (Kab. Kendal) - Status IPKT: Mandiri
10. KTM Blora (Kab. Blora) - Status IPKT: Mandiri"
react,uq_0006,province_not_in_corpus,Bandingkan status kawasan transmigrasi di Provinsi Aceh dan Provinsi Riau berdasarkan IPKT 2023.,Aceh dan Riau tidak ada di corpus.,I need to find the IPKT (Indeks Pembangunan Kawasan Transmigrasi) 2023 data specifically for Aceh and Riau provinces to compare their transmigration area statuses.
react,uq_0007,province_not_in_corpus,Apa saja program layanan transmigrasi yang tersedia di Provinsi DI Yogyakarta?,"DIY tidak ada di corpus (layanan_* files yang ada: Grobogan, Bondowoso, Sleman, Solo).","Provinsi DI Yogyakarta merupakan daerah asal (origin region) bagi program transmigrasi. Oleh karena itu, program layanan transmigrasi yang tersedia di DI Yogyakarta berfokus pada fasilitasi penduduknya untuk bertransmigrasi ke provinsi lain. Program-program tersebut umumnya meliputi:
1.  **Sosialisasi dan Rekrutmen:** Memberikan informasi kepada calon transmigran mengenai daerah tujuan transmigrasi yang tersedia dan peluang yang ada.
2.  **Seleksi Calon Transmigran:** Melakukan evaluasi dan seleksi terhadap pelamar berdasarkan kriteria yang ditetapkan oleh pemerintah.
3.  **Pembekalan dan Pelatihan:** Memberikan pengetahuan dan keterampilan yang relevan kepada calon transmigran, seringkali termasuk teknik pertanian atau kewirausahaan, untuk mempersiapkan mereka di lingkungan baru.
4.  **Pemberangkatan:** Memfasilitasi proses relokasi, termasuk transportasi dan dukungan awal penempatan.
5.  **Monitoring dan Evaluasi:** Melakukan pemantauan dan evaluasi terhadap perkembangan serta kesejahteraan transmigran di lokasi baru, seringkali berkoordinasi dengan provinsi tujuan.

Program-program ini biasanya dikelola oleh Dinas Tenaga Kerja dan Transmigrasi di tingkat provinsi atau kabupaten di DI Yogyakarta."
react,uq_0009,province_not_in_corpus,Sebutkan desa-desa target di kawasan transmigrasi Provinsi Sumatera Barat.,Sumatera Barat tidak ada di corpus (hanya Sumut & Sumsel).,The user is asking for a list of target villages in transmigration areas within West Sumatra province. I need to search for this information.
react,uq_0011,province_not_in_corpus,Bagaimana prioritas intervensi untuk kawasan transmigrasi di Provinsi Bangka Belitung?,Bangka Belitung tidak ada di corpus.,"The user is asking about intervention priorities for transmigration areas in Bangka Belitung province. I need to find specific information regarding these priorities. I will start by searching for keywords related to ""prioritas intervensi kawasan transmigrasi Bangka Belitung""."
react,uq_0012,province_not_in_corpus,"Berapa hektare luas kawasan transmigrasi ""Tunas Harapan"" di Provinsi Gorontalo?",Gorontalo tidak ada di corpus; nama kawasan fiktif.,"The user is asking for the area (in hectares) of the ""Tunas Harapan"" transmigration area in Gorontalo province. I need to search for this specific information."
react,uq_0013,province_not_in_corpus,Apa status IPKT dan jumlah rumah tangga di kawasan transmigrasi Provinsi Papua Barat Daya?,"Papua Barat Daya (provinsi hasil pemekaran 2022) tidak ada di corpus, walau 'Papua' (provinsi induk lama) ada — sengaja mirip untuk menguji false-positive retrieval.","Di Provinsi Papua Barat Daya, terdapat 10 kawasan transmigrasi. Dari jumlah tersebut, 8 kawasan telah memiliki Izin Pembukaan Kawasan Transmigrasi (IPKT), sementara 2 kawasan lainnya masih dalam proses pengajuan IPKT. Jumlah total rumah tangga yang telah menempati kawasan transmigrasi di provinsi ini adalah 2.500 rumah tangga."
react,uq_0014,province_not_in_corpus,Sebutkan komoditas unggulan di kawasan transmigrasi Provinsi Papua Pegunungan.,Papua Pegunungan (provinsi pemekaran) tidak ada di corpus.,"The user is asking for the main commodities in transmigration areas of Papua Pegunungan province. I need to find information about transmigration areas in this specific province and their agricultural products. Since Papua Pegunungan is a relatively new province (formed in 2022), information might be scarce or still refer to the previous larger province (Papua). I will start by searching for transmigration commodities in Papua Pegunungan. If that doesn't yield results, I might broaden the search to the former Papua province and then try to narrow it down geographically if possible."
react,uq_0016,regulation_not_covered,Apa isi Undang-Undang Nomor 15 Tahun 1997 tentang Ketransmigrasian?,"UU yang ada di corpus adalah UU No. 29/2009, bukan UU No. 15/1997.",I need to find the content or key provisions of Indonesian Law No. 15 of 1997 concerning Transmigration.
react,uq_0017,regulation_not_covered,Apa perubahan utama dalam Peraturan Pemerintah Nomor 3 Tahun 2014 tentang Pelaksanaan Undang-Undang Ketransmigrasian?,"PP yang ada di corpus adalah PP No. 19/2024, bukan PP No. 3/2014.","The user is asking about the main changes in Government Regulation Number 3 of 2014 concerning the Implementation of the Transmigration Law. I need to find information specifically highlighting the ""changes"" or ""perubahan utama"" introduced by this regulation."
react,uq_0018,regulation_not_covered,Sebutkan isi Peraturan Menteri Transmigrasi Nomor 12 Tahun 2019 tentang Standar Pelayanan Minimal Kawasan Transmigrasi.,"Permentrans yang ada di corpus adalah No. 1/2024, 1/2025, 8/2025 — bukan No. 12/2019.",I need to find the content of Peraturan Menteri Transmigrasi Nomor 12 Tahun 2019 tentang Standar Pelayanan Minimal Kawasan Transmigrasi. I will use a search engine to locate the regulation and then summarize its key provisions.
react,uq_0019,regulation_not_covered,Apa ketentuan dalam Peraturan Presiden Nomor 50 Tahun 2018 tentang Percepatan Pembangunan Kawasan Transmigrasi?,Tidak ada Perpres apa pun di corpus.,I need to find the specific provisions or key articles within Peraturan Presiden Nomor 50 Tahun 2018 tentang Percepatan Pembangunan Kawasan Transmigrasi. I will search for a summary or the full text of this regulation to identify its main points.
react,uq_0020,regulation_not_covered,Bagaimana isi Peraturan Menteri Desa Nomor 91 Tahun 2016 tentang Status Perkembangan Desa?,Regulasi ini disebut sebagai contoh kualitatif di paper (Fig. 4) tapi teks lengkapnya tidak ada sebagai dokumen tersendiri di corpus.,"Peraturan Menteri Desa, Pembangunan Daerah Tertinggal, dan Transmigrasi Nomor 91 Tahun 2016 tentang Status Perkembangan Desa mengatur mengenai klasifikasi dan penetapan status perkembangan desa di Indonesia. Isi pokok peraturan ini meliputi:
1.  **Definisi dan Tujuan**: Menjelaskan pengertian status perkembangan desa dan pentingnya pengukuran status tersebut untuk memetakan kondisi desa, merencanakan pembangunan, dan mengalokasikan sumber daya secara tepat.
2.  **Indikator Penilaian**: Menetapkan indikator-indikator yang digunakan untuk menilai status perkembangan desa, yang mencakup aspek ekonomi, sosial, lingkungan, dan tata kelola pemerintahan desa.
3.  **Klasifikasi Status Desa**: Mengklasifikasikan desa ke dalam beberapa kategori berdasarkan skor indikator yang dicapai, seperti Desa Sangat Tertinggal, Desa Tertinggal, Desa Berkembang, Desa Maju, dan Desa Mandiri.
4.  **Mekanisme Penilaian dan Penetapan**: Menjelaskan prosedur atau tahapan dalam melakukan penilaian, pengumpulan data, analisis, hingga penetapan status perkembangan desa oleh pihak yang berwenang.
5.  **Pemanfaatan Data Status Desa**: Mengatur bagaimana data status perkembangan desa yang telah ditetapkan dapat digunakan, misalnya untuk perencanaan pembangunan desa, pengalokasian dana desa, dan evaluasi program pembangunan.

Peraturan ini menjadi dasar hukum bagi pemerintah desa dan daerah dalam melakukan pemetaan dan intervensi pembangunan untuk mendorong kemandirian desa."
react,uq_0021,regulation_not_covered,Apa isi SNI 7331:2019 tentang mutu biji kopi?,"SNI yang ada di corpus adalah SNI 8926 dan SNI 6232:2025, bukan SNI 7331:2019.","The user is asking about the content of SNI 7331:2019 regarding coffee bean quality. This is a specific Indonesian National Standard. I need to find information about this standard, specifically its content related to coffee bean quality. My previous search was about transmigration, which is not relevant here. I need to perform a new search focused on the SNI standard."
react,uq_0022,regulation_not_covered,Sebutkan pasal-pasal penting dalam Undang-Undang Nomor 2 Tahun 1972 tentang Transmigrasi.,UU No. 2/1972 tidak ada di corpus.,The user is asking for important articles from Indonesian Law No. 2 of 1972 concerning Transmigration. I need to find the text of this specific law and identify its key provisions.
react,uq_0023,regulation_not_covered,Apa isi Peraturan Menteri Pertanian Nomor 25 Tahun 2020 tentang Budidaya Komoditas Perkebunan di Kawasan Transmigrasi?,Permentan yang ada di corpus tidak bernomor/bertahun ini.,I need to find the content of Peraturan Menteri Pertanian Nomor 25 Tahun 2020 tentang Budidaya Komoditas Perkebunan di Kawasan Transmigrasi. I will use a search engine to locate the regulation or a summary of its contents.
react,uq_0024,regulation_not_covered,Apa perubahan aturan pendaftaran transmigrasi menurut Peraturan Menteri Transmigrasi Nomor 5 Tahun 2015?,Permentrans No. 5/2015 tidak ada di corpus.,The user is asking about changes to transmigration registration rules according to Peraturan Menteri Transmigrasi Transmigrasi Nomor 5 Tahun 2015. I need to find this specific regulation and extract the relevant information regarding registration changes.
react,uq_0025,regulation_not_covered,Bagaimana ketentuan insentif fiskal dalam Peraturan Pemerintah Nomor 12 Tahun 2021 tentang Kawasan Transmigrasi?,PP No. 12/2021 tidak ada di corpus.,The user is asking about fiscal incentive provisions in PP No. 12 Tahun 2021 regarding Transmigration Areas. I need to search for the relevant sections or articles within this specific regulation that discuss fiscal incentives.
react,uq_0026,regulation_not_covered,Apa isi Instruksi Presiden Nomor 1 Tahun 2011 tentang Percepatan Transmigrasi Nasional?,Tidak ada Inpres apa pun di corpus.,I need to find the content of Presidential Instruction Number 1 of 2011 regarding the Acceleration of National Transmigration. I will use a search query to find this document or summaries of its contents.
react,uq_0027,regulation_not_covered,Sebutkan isi Peraturan Menteri Transmigrasi Nomor 20 Tahun 2022 tentang Tata Kelola Data Kawasan Transmigrasi.,Permentrans No. 20/2022 tidak ada di corpus.,I need to find the content of Peraturan Menteri Transmigrasi Nomor 20 Tahun 2022 tentang Tata Kelola Data Kawasan Transmigrasi. I will use a search engine to locate the regulation and then summarize its key provisions.
react,uq_0028,regulation_not_covered,Apa isi SNI 8593:2018 tentang standar mutu jagung untuk pangan?,SNI 8593:2018 tidak ada di corpus.,The user is asking for the content of SNI 8593:2018 regarding the quality standards for corn for food. I need to search for this specific standard and its details.
react,uq_0029,regulation_not_covered,Bagaimana isi Peraturan Menteri Keuangan Nomor 77 Tahun 2019 tentang Pembiayaan Program Transmigrasi?,Tidak ada Permenkeu apa pun di corpus.,I need to find the content of Peraturan Menteri Keuangan Nomor 77 Tahun 2019 tentang Pembiayaan Program Transmigrasi. I will search for the regulation itself or summaries of its key provisions.
react,uq_0030,regulation_not_covered,Apa isi Peraturan Pemerintah Nomor 8 Tahun 2016 tentang Perubahan Status Kawasan Transmigrasi?,PP No. 8/2016 tidak ada di corpus.,"The user is asking for the content of ""Peraturan Pemerintah Nomor 8 Tahun 2016 tentang Perubahan Status Kawasan Transmigrasi"". I need to search for this specific regulation and its main provisions or changes it introduces."
react,uq_0031,commodity_not_covered,Apa standar teknis budidaya teh di kawasan transmigrasi?,"Komoditas di corpus: padi, jagung, karet, udang, sapi, kopi, kakao, kelapa sawit — teh tidak termasuk.","The user is asking for technical standards for tea cultivation in transmigration areas. This is a very specific request. I should first search for general technical standards for tea cultivation in Indonesia, and then try to find if there are any specific adaptations or guidelines for transmigration areas. It's possible that the general standards apply."
react,uq_0032,commodity_not_covered,Bagaimana panduan budidaya tembakau untuk petani transmigran?,Tembakau tidak ada di corpus.,"The user is asking for a guide on tobacco cultivation for transmigration farmers in Indonesia. I need to find information on tobacco cultivation practices, ideally tailored or relevant to Indonesian conditions and potentially the context of transmigration (though general good practices should suffice if specific transmigration guides are not found). I will start by searching for general tobacco cultivation guidelines in Indonesia."
react,uq_0033,commodity_not_covered,Apa kriteria mutu lada sesuai SNI yang berlaku di kawasan transmigrasi?,Lada tidak ada di corpus.,"The user is asking for the quality criteria for pepper according to SNI, specifically as it applies to transmigration areas. While the SNI itself is universal, I need to find the relevant SNI for pepper and then list its quality criteria. I will start by searching for ""SNI lada"" or ""SNI pepper quality standards""."
react,uq_0034,commodity_not_covered,Sebutkan teknik budidaya cengkeh yang direkomendasikan untuk kawasan transmigrasi.,Cengkeh tidak ada di corpus.,"The user is asking for recommended clove cultivation techniques for transmigration areas. I need to find information on clove cultivation practices that are generally recommended and can be applied or are specifically recommended for transmigration contexts in Indonesia. I will start by searching for ""teknik budidaya cengkeh"" (clove cultivation techniques) and then look for details relevant to transmigration or general best practices."
react,uq_0035,commodity_not_covered,Apa standar pengolahan pala di kawasan transmigrasi Maluku?,Pala tidak ada di corpus meski Maluku (provinsinya) ada — menguji apakah sistem 'memaksakan' jawaban dari konteks regional yang salah komoditas.,"The user is asking about the standards for processing nutmeg in transmigration areas in Maluku. I need to search for information regarding nutmeg processing standards, specifically within the context of transmigration areas in Maluku. It's possible that there isn't a single ""standard"" document, but rather best practices, guidelines, or regulations from relevant government bodies (e.g., Ministry of Agriculture, local agricultural offices, or transmigration agencies)."
react,uq_0036,commodity_not_covered,Bagaimana pedoman budidaya kapas untuk program transmigrasi?,Kapas tidak ada di corpus.,"The user is asking for guidelines on cotton cultivation specifically for transmigration programs in Indonesia. This implies a need for information that connects agricultural practices for cotton with the context of transmigration, which often involved specific land types, socio-economic goals, and government support. I will start by searching for a direct link between cotton cultivation guidelines and transmigration programs in Indonesia."
react,uq_0037,commodity_not_covered,Apa standar teknis budidaya tebu di kawasan transmigrasi?,Tebu tidak ada di corpus.,"The user is asking for the technical standards for sugarcane cultivation in transmigration areas. This requires specific information about agricultural practices and potentially government regulations or guidelines for such areas. I will search for ""standar teknis budidaya tebu kawasan transmigrasi"" or ""pedoman teknis budidaya tebu transmigrasi"" to find relevant documents or information."
react,uq_0038,commodity_not_covered,Sebutkan panduan budidaya kentang untuk petani transmigran dataran tinggi.,Kentang tidak ada di corpus.,"The user is asking for a guide on potato cultivation for high-altitude transmigration farmers. I need to find practical steps for potato cultivation suitable for high-altitude regions in Indonesia. I will search for ""panduan budidaya kentang dataran tinggi Indonesia"" or similar terms."
react,uq_0039,commodity_not_covered,Apa kriteria mutu bawang merah dalam program transmigrasi?,Bawang merah tidak ada di corpus.,"The question asks for the quality criteria for shallots (bawang merah) in the transmigration program. This implies looking for specific standards or guidelines for shallot quality within the context of Indonesian agriculture, potentially linked to transmigration initiatives. I will start by searching for general quality standards for shallots in Indonesia, as these would likely be applied in transmigration areas."
react,uq_0040,commodity_not_covered,Bagaimana pedoman budidaya rumput laut di kawasan transmigrasi pesisir?,Rumput laut tidak ada di corpus (yang ada dari sektor perairan hanya udang).,"The user is asking for guidelines on seaweed cultivation in coastal transmigration areas. I need to find information that specifically addresses seaweed cultivation practices, ideally with a focus or mention of transmigration or coastal communities in Indonesia. I will start by searching for general seaweed cultivation guidelines in Indonesia and then try to narrow it down to transmigration areas if the initial search is too broad."
react,uq_0041,commodity_not_covered,Apa standar budidaya singkong/ubi kayu di kawasan transmigrasi?,Singkong/ubi kayu tidak ada di corpus.,"The user is asking about the standards for cassava cultivation in transmigration areas. I need to search for ""standar budidaya singkong"" (cassava cultivation standards) specifically in ""kawasan transmigrasi"" (transmigration areas) or general Indonesian standards that would be applicable."
react,uq_0042,commodity_not_covered,Sebutkan teknik budidaya pisang untuk kawasan transmigrasi.,Pisang tidak ada di corpus.,"The user is asking for banana cultivation techniques specifically for transmigration areas in Indonesia. I should look for general banana cultivation techniques, but also keep in mind that transmigration areas might have specific considerations like new land, potentially varying soil conditions, and the need for sustainable practices for new settlers. I will start by searching for general banana cultivation techniques in Indonesian."
react,uq_0043,commodity_not_covered,Apa pedoman budidaya kelapa (non-sawit) di kawasan transmigrasi?,Kelapa biasa (kopra) tidak ada di corpus — hanya kelapa sawit.,The user is asking for guidelines on coconut cultivation (non-palm oil) in transmigration areas. I need to search for information related to coconut cultivation guidelines or recommendations specifically for transmigration areas in Indonesia.
react,uq_0044,commodity_not_covered,Bagaimana standar budidaya vanili untuk petani transmigran?,Vanili tidak ada di corpus.,"The user is asking about vanilla cultivation standards for transmigration farmers. This implies a need for information on best practices for vanilla farming, potentially tailored for smallholder farmers or specific Indonesian contexts if available. I should search for general vanilla cultivation standards first, and then try to refine if there's specific information for transmigration or smallholder farmers in Indonesia."
react,uq_0045,commodity_not_covered,Apa kriteria mutu jambu mete dalam program pengembangan komoditas transmigrasi?,Jambu mete tidak ada di corpus.,"The user is asking about the quality criteria for cashew nuts (jambu mete) specifically within the context of transmigration commodity development programs. This implies I need to look for standards or criteria that might be specific to these programs or general Indonesian agricultural standards for cashew nuts that would apply. I will start by searching for ""kriteria mutu jambu mete Indonesia"" or ""standar mutu jambu mete transmigrasi"" to see if I can find any official documents or guidelines."
react,uq_0046,out_of_domain_mixing,Bagaimana prosedur perizinan usaha pertambangan nikel di kawasan transmigrasi?,"Pertambangan bukan cakupan corpus (fokus: profil kawasan, standar komoditas, layanan, regulasi transmigrasi).",The user is asking about the procedure for obtaining a nickel mining business permit specifically within transmigration areas. This requires understanding both mining permit procedures and any special considerations or restrictions for transmigration areas. I need to find information that links these two aspects.
react,uq_0047,out_of_domain_mixing,Apa syarat pengajuan Kredit Usaha Rakyat (KUR) untuk petani transmigran?,Skema pembiayaan perbankan KUR tidak dibahas di corpus.,The user is asking about the requirements for Kredit Usaha Rakyat (KUR) for transmigration farmers. I need to find general KUR requirements and then check if there are any specific additional requirements or considerations for transmigration farmers.
react,uq_0048,out_of_domain_mixing,Bagaimana prosedur pendaftaran BPJS Kesehatan bagi warga transmigran?,BPJS Kesehatan (domain kesehatan) tidak dibahas di corpus.,"The user is asking about the registration procedure for BPJS Kesehatan for transmigration residents. I need to find information on how transmigrants can register for BPJS Kesehatan. This might involve specific procedures or considerations for this group. I will start by searching for ""prosedur pendaftaran BPJS Kesehatan transmigran"" or similar terms."
react,uq_0049,out_of_domain_mixing,Apa ketentuan pajak UMKM bagi pelaku usaha di kawasan transmigrasi?,Perpajakan tidak dibahas di corpus.,"Berdasarkan peraturan perpajakan yang berlaku di Indonesia, tidak ada ketentuan pajak UMKM khusus yang membedakan pelaku usaha di kawasan transmigrasi. Ketentuan pajak UMKM yang berlaku adalah sama secara nasional untuk seluruh wilayah Indonesia.

Mengacu pada Peraturan Pemerintah (PP) Nomor 55 Tahun 2022 tentang Penyesuaian Pengaturan di Bidang Pajak Penghasilan, ketentuan pajak UMKM adalah sebagai berikut:
1.  **Tarif PPh Final 0,5%**: Pelaku usaha UMKM dengan peredaran bruto (omzet) sampai dengan Rp 4,8 miliar dalam satu tahun pajak dikenakan Pajak Penghasilan (PPh) final sebesar 0,5% dari omzet bruto per bulan.
2.  **Pengecualian untuk Wajib Pajak Orang Pribadi**: Wajib Pajak orang pribadi yang memiliki peredaran bruto sampai dengan Rp 500 juta dalam satu tahun pajak dikecualikan dari pengenaan PPh atas bagian peredaran bruto tersebut. Artinya, mereka tidak dikenakan PPh final 0,5% sampai batas omzet Rp 500 juta per tahun.

Ketentuan ini berlaku untuk semua wajib pajak UMKM di Indonesia, termasuk bagi pelaku usaha yang beroperasi di kawasan transmigrasi."
react,uq_0050,out_of_domain_mixing,Bagaimana prosedur perizinan usaha pariwisata di kawasan transmigrasi?,"Pariwisata hanya pernah muncul sebagai skenario kebijakan hasil generate SR di contoh kualitatif paper, bukan fakta dari dokumen sumber.","The user is asking about the procedure for obtaining a tourism business permit in transmigration areas. This requires finding specific administrative information, likely from government regulations or official guidelines related to transmigration areas and business licensing. I will start by searching for general information on business permits in transmigration areas, and then narrow down to tourism if necessary."
react,uq_0051,out_of_domain_mixing,Apa syarat pendirian sekolah menengah kejuruan di kawasan transmigrasi?,Pendidikan formal (SMK) tidak dibahas di corpus.,"The user is asking about the requirements for establishing a vocational high school (SMK) in a transmigration area. This is a specific regulatory question. I need to search for official regulations or guidelines regarding the establishment of SMKs, and then see if there are any specific additional requirements or considerations for transmigration areas. I will start with a broad search for SMK establishment requirements."
react,uq_0052,out_of_domain_mixing,Bagaimana skema investasi pembangkit listrik tenaga surya di kawasan transmigrasi?,Energi terbarukan tidak dibahas di corpus.,"The user is asking about the investment scheme for solar power plants in transmigration areas in Indonesia. This requires finding information that links solar power investment models with the specific context and characteristics of transmigration areas. I will start by searching for general information on solar power investment in Indonesia, and then try to narrow it down to transmigration areas or rural electrification initiatives that might apply to transmigration."
react,uq_0053,out_of_domain_mixing,Apa prosedur perizinan eksplorasi minyak dan gas bumi di kawasan transmigrasi?,Migas tidak dibahas di corpus.,The user is asking about the licensing procedures for oil and gas exploration in Indonesian transmigration areas. This requires understanding both general oil and gas exploration permitting and any specific regulations or considerations for transmigration areas. I need to find information on the relevant laws and regulations.
react,uq_0054,out_of_domain_mixing,Bagaimana ketentuan pembangunan jalan tol yang melintasi kawasan transmigrasi?,Infrastruktur jalan tol tidak dibahas di corpus.,"The user is asking about the regulations for building toll roads that cross transmigration areas. This is a specific legal/policy question. I need to search for regulations or guidelines that address infrastructure development, land acquisition, or spatial planning specifically concerning transmigration areas when a major project like a toll road is involved. I will start with a broad search and then narrow it down if needed."
react,uq_0055,out_of_domain_mixing,Apa syarat pendaftaran perguruan tinggi negeri baru di kawasan transmigrasi?,Perguruan tinggi tidak dibahas di corpus.,"The user is asking about the registration requirements for *new* state universities *in transmigration areas*. This is a very specific scenario. I need to first determine if such a category of universities exists and then look for their specific registration requirements. It's possible that universities in transmigration areas follow general national university admission rules, or that there are no ""new"" state universities specifically designated as such with unique rules. I will start by searching for information on state universities in transmigration areas and their admission processes."
react,uq_0056,out_of_domain_mixing,Bagaimana prosedur izin usaha perikanan tangkap laut dalam bagi warga transmigran?,Perikanan tangkap laut dalam berbeda dari budidaya udang tambak yang ada di corpus.,"The user is asking about the procedure for obtaining a deep-sea fishing business permit for transmigrants. This is a very specific question that requires knowledge of Indonesian regulations for fishing permits, especially for deep-sea fishing, and any particular provisions or facilitations for transmigrants. I should start by searching for general information on deep-sea fishing permits in Indonesia and then try to narrow down if there are specific procedures or considerations for transmigrants."
react,uq_0057,out_of_domain_mixing,Apa ketentuan perbankan syariah untuk pembiayaan usaha transmigran?,Perbankan syariah tidak dibahas di corpus.,"The user is asking about Sharia banking provisions for financing transmigration businesses. This requires finding information that specifically links Sharia banking principles or products with the financing needs of transmigrants. I will start by searching for general information on Sharia banking financing for small businesses or agriculture, and then try to narrow it down to transmigration if possible."
react,uq_0058,out_of_domain_mixing,Bagaimana regulasi e-commerce untuk produk UMKM kawasan transmigrasi?,E-commerce tidak dibahas di corpus.,"The question asks about e-commerce regulations for MSME products in transmigration areas. This requires understanding general e-commerce regulations in Indonesia, specific policies for MSMEs, and any particular provisions or support related to transmigration areas concerning e-commerce. I will start by searching for general e-commerce regulations and then look for specific policies for UMKM and transmigration areas."
react,uq_0059,out_of_domain_mixing,Apa syarat pendirian rumah sakit tipe C di kawasan transmigrasi?,Fasilitas kesehatan tingkat lanjut (RS tipe C) tidak dibahas di corpus.,"Syarat pendirian rumah sakit tipe C di kawasan transmigrasi mengacu pada Peraturan Menteri Kesehatan Republik Indonesia Nomor 3 Tahun 2020 tentang Klasifikasi dan Perizinan Rumah Sakit. Peraturan ini tidak membedakan persyaratan khusus untuk kawasan transmigrasi, sehingga persyaratan umum yang berlaku adalah sebagai berikut:

1.  **Lokasi:** Harus sesuai dengan rencana tata ruang wilayah dan memiliki aksesibilitas yang baik.
2.  **Bangunan:** Harus memenuhi standar teknis bangunan rumah sakit, termasuk aspek keselamatan pasien dan pekerja.
3.  **Prasarana:** Meliputi ketersediaan air bersih, listrik, pengelolaan limbah, sistem komunikasi, dan gas medis yang memadai.
4.  **Peralatan:** Peralatan medis harus sesuai dengan standar pelayanan rumah sakit tipe C.
5.  **Ketenagaan:** Minimal harus memiliki dokter spesialis dasar (penyakit dalam, bedah, anak, obgyn), dokter umum, perawat, dan tenaga kesehatan lainnya sesuai standar yang ditetapkan.
6.  **Pelayanan:** Minimal harus menyediakan 4 pelayanan spesialis dasar dan pelayanan penunjang medis yang diperlukan.
7.  **Administrasi:** Memenuhi persyaratan administrasi dan perizinan yang berlaku."
react,uq_0060,out_of_domain_mixing,Bagaimana prosedur sertifikasi halal untuk produk olahan komoditas di kawasan transmigrasi?,Sertifikasi halal tidak dibahas di corpus.,"The user is asking about the procedure for halal certification for processed commodity products in transmigration areas. I need to find information on the general halal certification process in Indonesia and then look for any specific provisions, support, or simplified procedures for businesses in transmigration areas or for SMEs, which are common in such areas."
selfrag,uq_0002,province_not_in_corpus,Apa status IPKT 2023 untuk kawasan transmigrasi di Provinsi Jawa Barat?,Jawa Barat tidak ada di corpus.,Informasi mengenai status IPKT 2023 untuk kawasan transmigrasi di Provinsi Jawa Barat tidak
selfrag,uq_0005,province_not_in_corpus,"Apa kriteria penetapan kawasan transmigrasi ""Makmur Jaya"" di Provinsi Nusa Tenggara Barat?",NTB tidak ada di corpus (hanya NTT yang tercakup); nama kawasan fiktif.,"Informasi mengenai kriteria penetapan kawasan transmigrasi ""Makmur Jaya"" di Provinsi Nusa"
selfrag,uq_0008,province_not_in_corpus,"Berapa skor IPKT kawasan transmigrasi ""Sejahtera Mulya"" di Provinsi Lampung?",Lampung tidak ada di corpus; nama kawasan fiktif.,"Informasi mengenai skor IPKT kawasan transmigrasi ""Sejahtera Mulya"" di Provinsi Lampung tidak"
selfrag,uq_0009,province_not_in_corpus,Sebutkan desa-desa target di kawasan transmigrasi Provinsi Sumatera Barat.,Sumatera Barat tidak ada di corpus (hanya Sumut & Sumsel).,"Berdasarkan bukti yang diberikan, terdapat dua kawasan transmigrasi di Provinsi Sumatera Barat:"
selfrag,uq_0015,province_not_in_corpus,Berapa jumlah desa dengan status IDM Berkembang di kawasan transmigrasi Provinsi Banten?,Banten tidak ada di corpus.,Informasi mengenai jumlah desa dengan status IDM Berkembang di kawasan transmigrasi Provinsi B
selfrag,uq_0016,regulation_not_covered,Apa isi Undang-Undang Nomor 15 Tahun 1997 tentang Ketransmigrasian?,"UU yang ada di corpus adalah UU No. 29/2009, bukan UU No. 15/1997.",Undang-Undang Nomor 15 Tahun 1997 mengatur tentang Ket
selfrag,uq_0017,regulation_not_covered,Apa perubahan utama dalam Peraturan Pemerintah Nomor 3 Tahun 2014 tentang Pelaksanaan Undang-Undang Ketransmigrasian?,"PP yang ada di corpus adalah PP No. 19/2024, bukan PP No. 3/2014.",Perubahan utama dalam Peraturan Pemerintah Nomor 3 Tahun 2014 tentang Pelaksanaan
selfrag,uq_0019,regulation_not_covered,Apa ketentuan dalam Peraturan Presiden Nomor 50 Tahun 2018 tentang Percepatan Pembangunan Kawasan Transmigrasi?,Tidak ada Perpres apa pun di corpus.,"Berdasarkan bukti yang diberikan, Peraturan Presiden Nomor 50 Tahun 201"
selfrag,uq_0024,regulation_not_covered,Apa perubahan aturan pendaftaran transmigrasi menurut Peraturan Menteri Transmigrasi Nomor 5 Tahun 2015?,Permentrans No. 5/2015 tidak ada di corpus.,"Berdasarkan bukti yang diberikan:
*   **Bukti 1 (Permentrans_"
selfrag,uq_0042,commodity_not_covered,Sebutkan teknik budidaya pisang untuk kawasan transmigrasi.,Pisang tidak ada di corpus.,"Berdasarkan bukti yang diberikan, teknik budidaya pisang yang disebutkan adalah sebagai penaung sementara,"
selfrag,uq_0052,out_of_domain_mixing,Bagaimana skema investasi pembangkit listrik tenaga surya di kawasan transmigrasi?,Energi terbarukan tidak dibahas di corpus.,"Berdasarkan bukti yang diberikan, tidak ada skema investasi spesifik untuk pembangkit listrik tenaga surya"
selfrag,uq_0057,out_of_domain_mixing,Apa ketentuan perbankan syariah untuk pembiayaan usaha transmigran?,Perbankan syariah tidak dibahas di corpus.,"Berdasarkan bukti yang diberikan, tidak ada ketentuan spesifik mengenai perbankan syariah untuk pem"
selfrag,uq_0058,out_of_domain_mixing,Bagaimana regulasi e-commerce untuk produk UMKM kawasan transmigrasi?,E-commerce tidak dibahas di corpus.,"Berdasarkan bukti yang tersedia, tidak ada rincian spesifik mengenai regulasi e-commerce yang"
flare,uq_0005,province_not_in_corpus,"Apa kriteria penetapan kawasan transmigrasi ""Makmur Jaya"" di Provinsi Nusa Tenggara Barat?",NTB tidak ada di corpus (hanya NTT yang tercakup); nama kawasan fiktif.,"Penetapan kawasan transmigrasi ""Makmur Jaya"" di Provinsi Nusa Tenggara Barat tidak dapat dijelaskan secara spesifik berdasarkan bukti yang diberikan. Namun, secara umum"
flare,uq_0006,province_not_in_corpus,Bandingkan status kawasan transmigrasi di Provinsi Aceh dan Provinsi Riau berdasarkan IPKT 2023.,Aceh dan Riau tidak ada di corpus.,"Berdasarkan IPKT 2023, status kawasan transmigrasi di Provinsi Aceh dan Provinsi R"
flare,uq_0007,province_not_in_corpus,Apa saja program layanan transmigrasi yang tersedia di Provinsi DI Yogyakarta?,"DIY tidak ada di corpus (layanan_* files yang ada: Grobogan, Bondowoso, Sleman, Solo).","Provinsi DI Yogyakarta menyediakan berbagai program layanan transmigrasi untuk memfas ilitasi pendaftaran program transmigrasi. Layanan ini juga mencakup layanan pendaftaran program transmigrasi. Selain itu, terkait dengan penempatan , terkait dengan penempatan, Provinsi DI Yogyakarta menerapkan kebijakan baru ""rasakan dulu, baru tempatkan"". Kebijakan ini menegaskan bahwa penempatan warga transmigran tidak akan dilakukan sebelum lokasi tersebut dinyatakan layak secara langsung oleh para pengambil keputusan."
flare,uq_0008,province_not_in_corpus,"Berapa skor IPKT kawasan transmigrasi ""Sejahtera Mulya"" di Provinsi Lampung?",Lampung tidak ada di corpus; nama kawasan fiktif.,"Untuk mendapatkan skor IPKT kawasan transmigrasi ""Sejahtera Mulya"" Untuk mendapatkan skor IP"
flare,uq_0009,province_not_in_corpus,Sebutkan desa-desa target di kawasan transmigrasi Provinsi Sumatera Barat.,Sumatera Barat tidak ada di corpus (hanya Sumut & Sumsel).,Desa-desa target di kawasan transmigrasi Provinsi Sumatera Barat meliputi: Berikut adalah prediksi kalimat selanjutnya
flare,uq_0011,province_not_in_corpus,Bagaimana prioritas intervensi untuk kawasan transmigrasi di Provinsi Bangka Belitung?,Bangka Belitung tidak ada di corpus.,Prioritas intervensi untuk kawasan transmigrasi di Provinsi Bangka Bel itung adalah sebagai berikut:
flare,uq_0013,province_not_in_corpus,Apa status IPKT dan jumlah rumah tangga di kawasan transmigrasi Provinsi Papua Barat Daya?,"Papua Barat Daya (provinsi hasil pemekaran 2022) tidak ada di corpus, walau 'Papua' (provinsi induk lama) ada — sengaja mirip untuk menguji false-positive retrieval.",Status IPKT dan jumlah rumah tangga di kawasan transmigrasi Provinsi Papua Barat Daya adalah
flare,uq_0016,regulation_not_covered,Apa isi Undang-Undang Nomor 15 Tahun 1997 tentang Ketransmigrasian?,"UU yang ada di corpus adalah UU No. 29/2009, bukan UU No. 15/1997.",Undang-Undang Nomor 15 Tahun 199 7 tentang Ketransmigras
flare,uq_0017,regulation_not_covered,Apa perubahan utama dalam Peraturan Pemerintah Nomor 3 Tahun 2014 tentang Pelaksanaan Undang-Undang Ketransmigrasian?,"PP yang ada di corpus adalah PP No. 19/2024, bukan PP No. 3/2014.",Peraturan Pemerintah Nomor 3 Tahun 2014 membawa beberapa perubahan karena sudah tidak sesuai dengan perkembangan dan kebutuhan di masyarakat sehingga ...sehingga perlu
flare,uq_0018,regulation_not_covered,Sebutkan isi Peraturan Menteri Transmigrasi Nomor 12 Tahun 2019 tentang Standar Pelayanan Minimal Kawasan Transmigrasi.,"Permentrans yang ada di corpus adalah No. 1/2024, 1/2025, 8/2025 — bukan No. 12/2019.",Peraturan Menteri Transmigrasi Nomor 12 Tahun 201 9 tentang Standar Pelayanan Minimal Kawasan Transmigrasi. Berikut adalah prediksi kalimat selanjutnya
flare,uq_0019,regulation_not_covered,Apa ketentuan dalam Peraturan Presiden Nomor 50 Tahun 2018 tentang Percepatan Pembangunan Kawasan Transmigrasi?,Tidak ada Perpres apa pun di corpus.,Peraturan Presiden Nomor 50 Tahun 2018 tentang Perce atan dan Integrasi Penyelenggaraan Transmigrasi. Peraturan Presiden Nomor 50 Tahun 2018 mengatur tentang percepatan pembangunan kawasan
flare,uq_0020,regulation_not_covered,Bagaimana isi Peraturan Menteri Desa Nomor 91 Tahun 2016 tentang Status Perkembangan Desa?,Regulasi ini disebut sebagai contoh kualitatif di paper (Fig. 4) tapi teks lengkapnya tidak ada sebagai dokumen tersendiri di corpus.,Peraturan Menteri Desa Nomor 91 Tahun 2016 Next sentence: mengatur
flare,uq_0021,regulation_not_covered,Apa isi SNI 7331:2019 tentang mutu biji kopi?,"SNI yang ada di corpus adalah SNI 8926 dan SNI 6232:2025, bukan SNI 7331:2019.","Transmigrasi di Indonesia adalah program pemerintah yang bertujuan untuk memindahkan penduduk dari daerah The partial answer provided ("""
flare,uq_0022,regulation_not_covered,Sebutkan pasal-pasal penting dalam Undang-Undang Nomor 2 Tahun 1972 tentang Transmigrasi.,UU No. 2/1972 tidak ada di corpus.,Beberapa pasal penting dalam Undang-Undang Nomor 2 Tahun 1972 tentang Trans
flare,uq_0027,regulation_not_covered,Sebutkan isi Peraturan Menteri Transmigrasi Nomor 20 Tahun 2022 tentang Tata Kelola Data Kawasan Transmigrasi.,Permentrans No. 20/2022 tidak ada di corpus.,Peraturan Menteri Transmigrasi Nomor 20 Tahun 20 22 tentang Tata Kelola
flare,uq_0032,commodity_not_covered,Bagaimana panduan budidaya tembakau untuk petani transmigran?,Tembakau tidak ada di corpus.,Panduan budidaya tembakau untuk petani transmigran mencakup tah apan-tahapan penting mulai
flare,uq_0034,commodity_not_covered,Sebutkan teknik budidaya cengkeh yang direkomendasikan untuk kawasan transmigrasi.,Cengkeh tidak ada di corpus.,Teknik budidaya cengkeh yang direkomendasikan untuk kawasan trans migrasi adalah pemilihan lokasi yang tepat
flare,uq_0035,commodity_not_covered,Apa standar pengolahan pala di kawasan transmigrasi Maluku?,Pala tidak ada di corpus meski Maluku (provinsinya) ada — menguji apakah sistem 'memaksakan' jawaban dari konteks regional yang salah komoditas.,Standar pengolahan pala di kawasan transmigrasi Maluku meliputi beberapa tahapan kunci
flare,uq_0036,commodity_not_covered,Bagaimana pedoman budidaya kapas untuk program transmigrasi?,Kapas tidak ada di corpus.,Pedoman budidaya kapas untuk program transmigrasi dirancang untuk membantu trans migran dalam mengembangkan usaha pertanian kapas
flare,uq_0038,commodity_not_covered,Sebutkan panduan budidaya kentang untuk petani transmigran dataran tinggi.,Kentang tidak ada di corpus.,Berikut adalah panduan budidaya kentang yang disesuaikan untuk petani transmig
flare,uq_0040,commodity_not_covered,Bagaimana pedoman budidaya rumput laut di kawasan transmigrasi pesisir?,Rumput laut tidak ada di corpus (yang ada dari sektor perairan hanya udang).,Pedoman budidaya rumput laut di kawasan transmigrasi pes isir mencakup beberapa aspek penting
flare,uq_0041,commodity_not_covered,Apa standar budidaya singkong/ubi kayu di kawasan transmigrasi?,Singkong/ubi kayu tidak ada di corpus.,Standar budidaya singkong/ubi kayu di kawasan transmigrasi Berikut adalah prediksi kalimat selanjutnya:
flare,uq_0042,commodity_not_covered,Sebutkan teknik budidaya pisang untuk kawasan transmigrasi.,Pisang tidak ada di corpus.,Teknik budidaya pisang untuk kawasan transmigrasi meliputi: Berikut adalah prediksi kalimat selanjutnya:
flare,uq_0043,commodity_not_covered,Apa pedoman budidaya kelapa (non-sawit) di kawasan transmigrasi?,Kelapa biasa (kopra) tidak ada di corpus — hanya kelapa sawit.,Pedoman budidaya kelapa (non-sawit) di kawasan transmigrasi menc
flare,uq_0044,commodity_not_covered,Bagaimana standar budidaya vanili untuk petani transmigran?,Vanili tidak ada di corpus.,Standar budidaya vanili untuk petani transmigran mencakup ser Standar budidaya vanili
flare,uq_0045,commodity_not_covered,Apa kriteria mutu jambu mete dalam program pengembangan komoditas transmigrasi?,Jambu mete tidak ada di corpus.,Kriteria mutu jambu mete dalam program pengembangan komoditas transmig Kriteria mutu jambu mete dalam program pengembangan komoditas transmigrasi Kriteria mutu jambu
flare,uq_0046,out_of_domain_mixing,Bagaimana prosedur perizinan usaha pertambangan nikel di kawasan transmigrasi?,"Pertambangan bukan cakupan corpus (fokus: profil kawasan, standar komoditas, layanan, regulasi transmigrasi).",Prosedur perizinan usaha pertambangan nikel di Next sentence: Prosedur
flare,uq_0047,out_of_domain_mixing,Apa syarat pengajuan Kredit Usaha Rakyat (KUR) untuk petani transmigran?,Skema pembiayaan perbankan KUR tidak dibahas di corpus.,"Untuk mengajukan Kredit Usaha Rakyat (KUR), petani transmigran perlu memenuhi persyaratan umum dan khusus"
flare,uq_0048,out_of_domain_mixing,Bagaimana prosedur pendaftaran BPJS Kesehatan bagi warga transmigran?,BPJS Kesehatan (domain kesehatan) tidak dibahas di corpus.,Pendaftaran BPJS Kesehatan bagi warga transmigran memiliki prosedur khusus yang melibatkan koordin asi antara berbagai pihak terkait
flare,uq_0050,out_of_domain_mixing,Bagaimana prosedur perizinan usaha pariwisata di kawasan transmigrasi?,"Pariwisata hanya pernah muncul sebagai skenario kebijakan hasil generate SR di contoh kualitatif paper, bukan fakta dari dokumen sumber.",Prosedur perizinan usaha pariwisata di kawasan transmig Next sentence:rasi umumnya melibatkan
flare,uq_0051,out_of_domain_mixing,Apa syarat pendirian sekolah menengah kejuruan di kawasan transmigrasi?,Pendidikan formal (SMK) tidak dibahas di corpus.,Pendirian sekolah menengah kejuruan di kawasan transmigrasi memiliki beberapa ...persyaratan yang harus dipenuhi
flare,uq_0052,out_of_domain_mixing,Bagaimana skema investasi pembangkit listrik tenaga surya di kawasan transmigrasi?,Energi terbarukan tidak dibahas di corpus.,Skema investasi pembangkit listrik tenaga surya (PLTS) Next sentence: Sk
flare,uq_0053,out_of_domain_mixing,Apa prosedur perizinan eksplorasi minyak dan gas bumi di kawasan transmigrasi?,Migas tidak dibahas di corpus.,Prosedur perizinan eksplorasi minyak dan gas bumi di kawasan transmigrasi melalui beberapa tahapan dengan pengumpulan data primer dan pengumpulan data sekunder.
flare,uq_0054,out_of_domain_mixing,Bagaimana ketentuan pembangunan jalan tol yang melintasi kawasan transmigrasi?,Infrastruktur jalan tol tidak dibahas di corpus.,Ketentuan pembangunan jalan tol yang melintasi kawasan transmigrasi diatur Next sentence: dalam peraturan perundang
flare,uq_0056,out_of_domain_mixing,Bagaimana prosedur izin usaha perikanan tangkap laut dalam bagi warga transmigran?,Perikanan tangkap laut dalam berbeda dari budidaya udang tambak yang ada di corpus.,"Untuk warga transmigran, prosedur izin usaha perikanan tangkap laut Next sentence: dalam melibatkan beberapa"
flare,uq_0057,out_of_domain_mixing,Apa ketentuan perbankan syariah untuk pembiayaan usaha transmigran?,Perbankan syariah tidak dibahas di corpus.,Perbankan syariah memiliki ketentuan khusus untuk pembiayaan usaha transmig Berikut adalah prediksi kalimat selanjutnya:
flare,uq_0059,out_of_domain_mixing,Apa syarat pendirian rumah sakit tipe C di kawasan transmigrasi?,Fasilitas kesehatan tingkat lanjut (RS tipe C) tidak dibahas di corpus.,Pendirian rumah sakit tipe C di kawasan transmigrasi memiliki sejumlah syarat yang harus dip
flare,uq_0060,out_of_domain_mixing,Bagaimana prosedur sertifikasi halal untuk produk olahan komoditas di kawasan transmigrasi?,Sertifikasi halal tidak dibahas di corpus.,Prosedur sertifikasi halal untuk produk olahan komoditas di kawasan trans migrasi melibatkan beberapa tahapan utama
ircot,uq_0001,province_not_in_corpus,Berapa luas total kawasan transmigrasi yang berstatus Mandiri di Provinsi Bali?,"Bali tidak ada di corpus (province coverage: Sultra, Sulteng, Sulbar, Kalsel, Sumut, Kalbar, Papua, Sumsel, Maluku, Kalteng, Sulsel, Sulut, NTT, Kaltim).",Luas total kawasan transmigrasi berstatus Mandiri di Provinsi Bali
ircot,uq_0003,province_not_in_corpus,Sebutkan daftar kawasan transmigrasi yang berada di Provinsi Jawa Tengah beserta status IPKT-nya.,Jawa Tengah tidak ada di corpus.,daftar kawasan transmigrasi di Provinsi Jawa Tengah dan status IPKT-nya
ircot,uq_0004,province_not_in_corpus,"Berapa jumlah penduduk di kawasan transmigrasi Kabupaten Karawang, Provinsi Jawa Barat?",Jawa Barat/Karawang tidak ada di corpus.,"kawasan transmigrasi Kabupaten Karawang, Jawa Barat"
ircot,uq_0005,province_not_in_corpus,"Apa kriteria penetapan kawasan transmigrasi ""Makmur Jaya"" di Provinsi Nusa Tenggara Barat?",NTB tidak ada di corpus (hanya NTT yang tercakup); nama kawasan fiktif.,"definisi kriteria K-1, K-2"
ircot,uq_0006,province_not_in_corpus,Bandingkan status kawasan transmigrasi di Provinsi Aceh dan Provinsi Riau berdasarkan IPKT 2023.,Aceh dan Riau tidak ada di corpus.,"IPKT 2023 Kawasan Transmigrasi Provinsi Aceh
 IPKT 2023 Kawasan Transmigrasi Provinsi Riau"
ircot,uq_0007,province_not_in_corpus,Apa saja program layanan transmigrasi yang tersedia di Provinsi DI Yogyakarta?,"DIY tidak ada di corpus (layanan_* files yang ada: Grobogan, Bondowoso, Sleman, Solo).",program layanan transmigrasi yang spesifik tersedia di Provinsi DI Yogyakarta atau oleh pemerintah Provinsi DI Yogyakarta
ircot,uq_0008,province_not_in_corpus,"Berapa skor IPKT kawasan transmigrasi ""Sejahtera Mulya"" di Provinsi Lampung?",Lampung tidak ada di corpus; nama kawasan fiktif.,"skor IPKT kawasan transmigrasi ""Sejahtera Mulya"" Lampung"
ircot,uq_0009,province_not_in_corpus,Sebutkan desa-desa target di kawasan transmigrasi Provinsi Sumatera Barat.,Sumatera Barat tidak ada di corpus (hanya Sumut & Sumsel).,"desa-desa target di Kawasan Transmigrasi Muara Takung–Kamang Baru dari [1]
 desa-desa target di Kawasan Transmigrasi Lunang Silaut dari [2]"
ircot,uq_0010,province_not_in_corpus,Apa status pembangunan kawasan transmigrasi di Provinsi Kepulauan Riau tahun 2024?,Kepulauan Riau tidak ada di corpus.,status pembangunan kawasan transmigrasi Provinsi Kepulauan Riau 2024
ircot,uq_0011,province_not_in_corpus,Bagaimana prioritas intervensi untuk kawasan transmigrasi di Provinsi Bangka Belitung?,Bangka Belitung tidak ada di corpus.,Prioritas intervensi kawasan transmigrasi secara umum
ircot,uq_0012,province_not_in_corpus,"Berapa hektare luas kawasan transmigrasi ""Tunas Harapan"" di Provinsi Gorontalo?",Gorontalo tidak ada di corpus; nama kawasan fiktif.,"luas kawasan transmigrasi ""Tunas Harapan"" Gorontalo"
ircot,uq_0013,province_not_in_corpus,Apa status IPKT dan jumlah rumah tangga di kawasan transmigrasi Provinsi Papua Barat Daya?,"Papua Barat Daya (provinsi hasil pemekaran 2022) tidak ada di corpus, walau 'Papua' (provinsi induk lama) ada — sengaja mirip untuk menguji false-positive retrieval.","status IPKT dan jumlah rumah tangga di Kawasan Transmigrasi Klamono-Segun, Provinsi Papua Barat Daya"
ircot,uq_0014,province_not_in_corpus,Sebutkan komoditas unggulan di kawasan transmigrasi Provinsi Papua Pegunungan.,Papua Pegunungan (provinsi pemekaran) tidak ada di corpus.,The retrieved evidence [3] states that in various transmigration destination areas
ircot,uq_0015,province_not_in_corpus,Berapa jumlah desa dengan status IDM Berkembang di kawasan transmigrasi Provinsi Banten?,Banten tidak ada di corpus.,Jumlah desa dengan status IDM Berkembang di kawasan transmigrasi Provinsi Banten
ircot,uq_0016,regulation_not_covered,Apa isi Undang-Undang Nomor 15 Tahun 1997 tentang Ketransmigrasian?,"UU yang ada di corpus adalah UU No. 29/2009, bukan UU No. 15/1997.",Isi pokok Undang-Undang Nomor 15 Tahun 1997 tentang Ketransmigrasian
ircot,uq_0017,regulation_not_covered,Apa perubahan utama dalam Peraturan Pemerintah Nomor 3 Tahun 2014 tentang Pelaksanaan Undang-Undang Ketransmigrasian?,"PP yang ada di corpus adalah PP No. 19/2024, bukan PP No. 3/2014.",The original question asks about the main changes in Peraturan Pemerintah Nomor
ircot,uq_0019,regulation_not_covered,Apa ketentuan dalam Peraturan Presiden Nomor 50 Tahun 2018 tentang Percepatan Pembangunan Kawasan Transmigrasi?,Tidak ada Perpres apa pun di corpus.,"The retrieved evidence [1] and [4] indicates that ""Per"
ircot,uq_0020,regulation_not_covered,Bagaimana isi Peraturan Menteri Desa Nomor 91 Tahun 2016 tentang Status Perkembangan Desa?,Regulasi ini disebut sebagai contoh kualitatif di paper (Fig. 4) tapi teks lengkapnya tidak ada sebagai dokumen tersendiri di corpus.,Isi Peraturan Menteri Desa Nomor 91 Tahun 2016 tentang Status Perkembangan Desa
ircot,uq_0021,regulation_not_covered,Apa isi SNI 7331:2019 tentang mutu biji kopi?,"SNI yang ada di corpus adalah SNI 8926 dan SNI 6232:2025, bukan SNI 7331:2019.",What is SNI 7331:2019 about coffee bean quality?
ircot,uq_0022,regulation_not_covered,Sebutkan pasal-pasal penting dalam Undang-Undang Nomor 2 Tahun 1972 tentang Transmigrasi.,UU No. 2/1972 tidak ada di corpus.,Teks lengkap Undang-Undang Nomor 2 Tahun 1972 tentang Ketransmigrasian
ircot,uq_0023,regulation_not_covered,Apa isi Peraturan Menteri Pertanian Nomor 25 Tahun 2020 tentang Budidaya Komoditas Perkebunan di Kawasan Transmigrasi?,Permentan yang ada di corpus tidak bernomor/bertahun ini.,Peraturan Menteri Pertanian Nomor 25 Tahun 2020 tentang Budidaya Komoditas Perkebunan di Kawasan Transmigrasi (The previous retrieval attempts did not yield this specific regulation from the Ministry of Agriculture.)
ircot,uq_0025,regulation_not_covered,Bagaimana ketentuan insentif fiskal dalam Peraturan Pemerintah Nomor 12 Tahun 2021 tentang Kawasan Transmigrasi?,PP No. 12/2021 tidak ada di corpus.,Peraturan Pemerintah Nomor 12 Tahun 2021 tentang Kawasan Transmigrasi
ircot,uq_0026,regulation_not_covered,Apa isi Instruksi Presiden Nomor 1 Tahun 2011 tentang Percepatan Transmigrasi Nasional?,Tidak ada Inpres apa pun di corpus.,Isi Instruksi Presiden Nomor 1 Tahun 2011 tentang Percepatan Transmigrasi Nasional
ircot,uq_0028,regulation_not_covered,Apa isi SNI 8593:2018 tentang standar mutu jagung untuk pangan?,SNI 8593:2018 tidak ada di corpus.,Informasi tentang SNI 8593:2
ircot,uq_0030,regulation_not_covered,Apa isi Peraturan Pemerintah Nomor 8 Tahun 2016 tentang Perubahan Status Kawasan Transmigrasi?,PP No. 8/2016 tidak ada di corpus.,Peraturan Pemerintah Nomor 8 Tahun 2016
ircot,uq_0031,commodity_not_covered,Apa standar teknis budidaya teh di kawasan transmigrasi?,"Komoditas di corpus: padi, jagung, karet, udang, sapi, kopi, kakao, kelapa sawit — teh tidak termasuk.",The retrieved evidence indicates that technical standards for cultivation in transmigration areas are not
ircot,uq_0032,commodity_not_covered,Bagaimana panduan budidaya tembakau untuk petani transmigran?,Tembakau tidak ada di corpus.,panduan budidaya tembakau
ircot,uq_0033,commodity_not_covered,Apa kriteria mutu lada sesuai SNI yang berlaku di kawasan transmigrasi?,Lada tidak ada di corpus.,SNI mutu lada (Standar Nasional Indonesia mutu lada)
ircot,uq_0034,commodity_not_covered,Sebutkan teknik budidaya cengkeh yang direkomendasikan untuk kawasan transmigrasi.,Cengkeh tidak ada di corpus.,"teknik budidaya cengkeh rekomendasi kawasan transmigrasi
 budidaya cengkeh rekomendasi
 panduan budidaya cengkeh"
ircot,uq_0035,commodity_not_covered,Apa standar pengolahan pala di kawasan transmigrasi Maluku?,Pala tidak ada di corpus meski Maluku (provinsinya) ada — menguji apakah sistem 'memaksakan' jawaban dari konteks regional yang salah komoditas.,standar pengolahan pala di kawasan transmigrasi Maluku
ircot,uq_0036,commodity_not_covered,Bagaimana pedoman budidaya kapas untuk program transmigrasi?,Kapas tidak ada di corpus.,pedoman budidaya kapas transmigrasi Indonesia OR panduan budidaya kapas transmigrasi OR teknologi budidaya kapas transmigrasi
ircot,uq_0039,commodity_not_covered,Apa kriteria mutu bawang merah dalam program transmigrasi?,Bawang merah tidak ada di corpus.,SNI bawang merah OR Standar Nasional Indonesia bawang merah
ircot,uq_0040,commodity_not_covered,Bagaimana pedoman budidaya rumput laut di kawasan transmigrasi pesisir?,Rumput laut tidak ada di corpus (yang ada dari sektor perairan hanya udang).,pedoman budidaya rumput laut di kawasan trans
ircot,uq_0041,commodity_not_covered,Apa standar budidaya singkong/ubi kayu di kawasan transmigrasi?,Singkong/ubi kayu tidak ada di corpus.,standar budidaya singkong/ubi kayu kawasan transmigrasi
ircot,uq_0042,commodity_not_covered,Sebutkan teknik budidaya pisang untuk kawasan transmigrasi.,Pisang tidak ada di corpus.,teknik budidaya pisang lengkap OR panduan budid
ircot,uq_0043,commodity_not_covered,Apa pedoman budidaya kelapa (non-sawit) di kawasan transmigrasi?,Kelapa biasa (kopra) tidak ada di corpus — hanya kelapa sawit.,pedoman budidaya kelapa (non-sawit) di kawasan transmigrasi OR pedoman budidaya kelapa rakyat OR panduan budidaya kelapa bukan sawit
ircot,uq_0044,commodity_not_covered,Bagaimana standar budidaya vanili untuk petani transmigran?,Vanili tidak ada di corpus.,standar budidaya vanili untuk petani transmigran di Indonesia OR pedoman budidaya vanili untuk transmigran OR teknologi budidaya vanili untuk petani transmigran OR panduan budidaya vanili untuk transmigran OR rekomendasi budidaya vanili untuk transmigran
ircot,uq_0045,commodity_not_covered,Apa kriteria mutu jambu mete dalam program pengembangan komoditas transmigrasi?,Jambu mete tidak ada di corpus.,"The retrieved evidence mentions the concept of ""komoditas unggulan"""
ircot,uq_0046,out_of_domain_mixing,Bagaimana prosedur perizinan usaha pertambangan nikel di kawasan transmigrasi?,"Pertambangan bukan cakupan corpus (fokus: profil kawasan, standar komoditas, layanan, regulasi transmigrasi).",Peraturan perundang-undangan yang mengatur
ircot,uq_0047,out_of_domain_mixing,Apa syarat pengajuan Kredit Usaha Rakyat (KUR) untuk petani transmigran?,Skema pembiayaan perbankan KUR tidak dibahas di corpus.,"Syarat pengajuan Kredit Usaha Rakyat (KUR) untuk petani atau UMKM di sektor pertanian, termasuk dokumen yang diperlukan dan kriteria kelayakan, dari sumber yang lebih spesifik mengenai KUR."
ircot,uq_0048,out_of_domain_mixing,Bagaimana prosedur pendaftaran BPJS Kesehatan bagi warga transmigran?,BPJS Kesehatan (domain kesehatan) tidak dibahas di corpus.,Prosedur pendaftaran BPJS Kesehatan untuk warga yang sudah menjadi transmigran atau yang akan bertransmigrasi
ircot,uq_0049,out_of_domain_mixing,Apa ketentuan pajak UMKM bagi pelaku usaha di kawasan transmigrasi?,Perpajakan tidak dibahas di corpus.,"Peraturan pajak UMKM di Indonesia, termasuk insentif atau ketentuan khusus untuk daerah terpencil, tertinggal, atau kawasan transmigrasi."
ircot,uq_0050,out_of_domain_mixing,Bagaimana prosedur perizinan usaha pariwisata di kawasan transmigrasi?,"Pariwisata hanya pernah muncul sebagai skenario kebijakan hasil generate SR di contoh kualitatif paper, bukan fakta dari dokumen sumber.",The retrieved evidence so far discusses the general concept and potential of tourism
ircot,uq_0051,out_of_domain_mixing,Apa syarat pendirian sekolah menengah kejuruan di kawasan transmigrasi?,Pendidikan formal (SMK) tidak dibahas di corpus.,"The retrieved evidence mentions the general requirement for ""sarana pelayanan pendidikan"""
ircot,uq_0052,out_of_domain_mixing,Bagaimana skema investasi pembangkit listrik tenaga surya di kawasan transmigrasi?,Energi terbarukan tidak dibahas di corpus.,investasi pembangkit listrik tenaga surya di Indonesia
ircot,uq_0053,out_of_domain_mixing,Apa prosedur perizinan eksplorasi minyak dan gas bumi di kawasan transmigrasi?,Migas tidak dibahas di corpus.,"peraturan perizinan eksplorasi minyak dan gas bumi di Indonesia yang mengatur kawasan transmigrasi
 prosedur perizinan kegiatan usaha hulu minyak dan gas bumi di kawasan transmigrasi
 peran Kementerian Transmigrasi dalam perizinan eksplorasi migas"
ircot,uq_0054,out_of_domain_mixing,Bagaimana ketentuan pembangunan jalan tol yang melintasi kawasan transmigrasi?,Infrastruktur jalan tol tidak dibahas di corpus.,The current evidence provides general context about land ownership in transmigration areas (pem
ircot,uq_0055,out_of_domain_mixing,Apa syarat pendaftaran perguruan tinggi negeri baru di kawasan transmigrasi?,Perguruan tinggi tidak dibahas di corpus.,"informasi mengenai pendirian perguruan tinggi negeri di kawasan transmigrasi, regulasi umum syarat pendaftaran"
ircot,uq_0056,out_of_domain_mixing,Bagaimana prosedur izin usaha perikanan tangkap laut dalam bagi warga transmigran?,Perikanan tangkap laut dalam berbeda dari budidaya udang tambak yang ada di corpus.,prosedur izin usaha perikanan tangkap laut dalam Indonesia
ircot,uq_0057,out_of_domain_mixing,Apa ketentuan perbankan syariah untuk pembiayaan usaha transmigran?,Perbankan syariah tidak dibahas di corpus.,The retrieved evidence discusses general financing and credit for transmigration businesses (e.g
ircot,uq_0058,out_of_domain_mixing,Bagaimana regulasi e-commerce untuk produk UMKM kawasan transmigrasi?,E-commerce tidak dibahas di corpus.,"The retrieved evidence indicates a general policy direction towards:
1."
ircot,uq_0059,out_of_domain_mixing,Apa syarat pendirian rumah sakit tipe C di kawasan transmigrasi?,Fasilitas kesehatan tingkat lanjut (RS tipe C) tidak dibahas di corpus.,Peraturan Menteri Kesehatan tentang persyaratan pendirian rumah sakit tipe C
ircot,uq_0060,out_of_domain_mixing,Bagaimana prosedur sertifikasi halal untuk produk olahan komoditas di kawasan transmigrasi?,Sertifikasi halal tidak dibahas di corpus.,Prosedur sertifikasi halal untuk UMKM
arda_sr,uq_0001,province_not_in_corpus,Berapa luas total kawasan transmigrasi yang berstatus Mandiri di Provinsi Bali?,"Bali tidak ada di corpus (province coverage: Sultra, Sulteng, Sulbar, Kalsel, Sumut, Kalbar, Papua, Sumsel, Maluku, Kalteng, Sulsel, Sulut, NTT, Kaltim).","Tidak ada kawasan transmigrasi yang berstatus Mandiri di Provinsi Bali. Oleh karena itu, tidak ada luas total yang dapat diberikan."
arda_sr,uq_0016,regulation_not_covered,Apa isi Undang-Undang Nomor 15 Tahun 1997 tentang Ketransmigrasian?,"UU yang ada di corpus adalah UU No. 29/2009, bukan UU No. 15/1997.","Berdasarkan bukti yang diberikan, Undang-Undang Nomor 15 Tahun 1997 adalah tentang Ketransmigrasian. Namun, bukti tersebut tidak menjelaskan secara rin"
arda_sr,uq_0030,regulation_not_covered,Apa isi Peraturan Pemerintah Nomor 8 Tahun 2016 tentang Perubahan Status Kawasan Transmigrasi?,PP No. 8/2016 tidak ada di corpus.,Peraturan Pemerintah Nomor 8 Tahun 2016 mengatur tentang prosedur dan persyaratan untuk perubahan status Kawasan Transmigrasi.
arda_sr,uq_0035,commodity_not_covered,Apa standar pengolahan pala di kawasan transmigrasi Maluku?,Pala tidak ada di corpus meski Maluku (provinsinya) ada — menguji apakah sistem 'memaksakan' jawaban dari konteks regional yang salah komoditas.,"Berdasarkan informasi yang tersedia, tidak ada standar pengolahan pala spesifik yang disebutkan untuk kawasan transmigrasi Maluku. Namun, secara umum"
arda_sr,uq_0041,commodity_not_covered,Apa standar budidaya singkong/ubi kayu di kawasan transmigrasi?,Singkong/ubi kayu tidak ada di corpus.,"Tidak ada standar budidaya singkong/ubi kayu yang spesifik dan unik untuk kawasan transmigrasi yang secara eksplisit disebutkan. Namun, umumnya praktik"
arda_sr,uq_0042,commodity_not_covered,Sebutkan teknik budidaya pisang untuk kawasan transmigrasi.,Pisang tidak ada di corpus.,"Berdasarkan bukti yang tersedia, teknik budidaya pisang yang disebutkan adalah sebagai berikut:
*   Batasi jumlah anakan pisang"
arda_sr,uq_0054,out_of_domain_mixing,Bagaimana ketentuan pembangunan jalan tol yang melintasi kawasan transmigrasi?,Infrastruktur jalan tol tidak dibahas di corpus.,"Berdasarkan informasi yang tersedia, tidak ada ketentuan khusus yang secara eksplisit mengatur pembangunan jalan tol yang melintasi kawasan transmigrasi. Oleh karena itu"
arda_sr,uq_0060,out_of_domain_mixing,Bagaimana prosedur sertifikasi halal untuk produk olahan komoditas di kawasan transmigrasi?,Sertifikasi halal tidak dibahas di corpus.,"Berdasarkan bukti yang diberikan, produk unggulan kawasan transmigrasi perlu disertifikasi dan distandarisasi secara nasional maupun internasional. Namun, bukti tersebut tidak menjelaskan prosedur spesifik untuk sertifikasi halal bagi produk olahan komoditas di kawasan transmigrasi."
